coin,daily_chg,daily_pct_chg,week_chg,week_pct_chg,month_chg,month_pct_chg,quarter_chg,quarter_pct_change,biann_chg,biann_pct_chg,year_chg,year_pct_chg,composite_score
Bitcoin,-0.0,-0.0,-0.0,-0.0,-0.0,-0.0,-0.0,-0.0,-0.0,-0.0,-0.0,-0.0,0
Ethereum,-0.0,-0.0,-0.0,-0.0,-0.0,-0.0,-0.0,-0.0,-0.0,-0.0,-0.0,-0.0,0
Tether,-0.0,-0.0,-0.0,-0.0,-0.0,-0.0,-0.0,-0.0,1.0,25.0,3.0,50.0,12
XRP,-0.0,-0.0,-1.0,-25.0,-1.0,-25.0,-1.0,-25.0,-2.0,-66.7,-2.0,-66.7,-34
Polkadot,-0.0,-0.0,2.0,33.3,6.0,60.0,5.0,55.6,0,0,0,0,24
Litecoin,-0.0,-0.0,-2.0,-40.0,-2.0,-40.0,1.0,12.5,1.0,12.5,-0.0,-0.0,-9
Cardano,-0.0,-0.0,2.0,25.0,1.0,14.3,5.0,45.5,1.0,14.3,4.0,40.0,23
Bitcoin Cash,-0.0,-0.0,-1.0,-14.3,-2.0,-33.3,-3.0,-60.0,-3.0,-60.0,-4.0,-100.0,-44
Stellar,-0.0,-0.0,5.0,33.3,2.0,16.7,8.0,44.4,4.0,28.6,1.0,9.1,22
Chainlink,-0.0,-0.0,1.0,10.0,-0.0,-0.0,-3.0,-50.0,3.0,25.0,9.0,50.0,5
Binance Coin,-0.0,-0.0,-2.0,-22.2,-3.0,-37.5,-4.0,-57.1,-1.0,-10.0,-2.0,-22.2,-24
USD Coin,-0.0,-0.0,-1.0,-9.1,-1.0,-9.1,1.0,7.7,7.0,36.8,16.0,57.1,13
Wrapped Bitcoin,-0.0,-0.0,-0.0,-0.0,2.0,13.3,7.0,35.0,58.0,81.7,406.0,96.9,37
Bitcoin SV,-0.0,-0.0,-0.0,-0.0,-1.0,-7.7,-4.0,-40.0,-8.0,-133.3,-9.0,-180.0,-60
Monero,-0.0,-0.0,1.0,6.2,-1.0,-7.1,-0.0,-0.0,1.0,6.2,-2.0,-15.4,-1
EOS,-0.0,-0.0,1.0,5.9,1.0,5.9,-2.0,-14.3,-5.0,-45.5,-8.0,-100.0,-24
TRON,-0.0,-0.0,-2.0,-10.5,-2.0,-10.5,-4.0,-23.5,-4.0,-23.5,-9.0,-75.0,-23
THETA,-0.0,-0.0,2.0,8.3,4.0,15.4,11.0,33.3,38.0,63.3,46.0,67.6,31
NEM,-0.0,-0.0,-1.0,-5.6,-1.0,-5.6,5.0,20.8,12.0,38.7,12.0,38.7,14
Tezos,-0.0,-0.0,3.0,13.0,1.0,4.8,-1.0,-5.3,-7.0,-53.8,-6.0,-42.9,-14
Uniswap,-0.0,-0.0,19.0,52.8,21.0,55.3,19.0,52.8,0,0,0,0,26
Aave,-0.0,-0.0,19.0,51.4,17.0,48.6,28.0,60.9,25.0,58.1,141.0,88.7,51
VeChain,-0.0,-0.0,1.0,3.8,11.0,30.6,4.0,13.8,-4.0,-19.0,7.0,21.9,8
Crypto.com Coin,-0.0,-0.0,6.0,20.7,2.0,8.0,-7.0,-43.8,-14.0,-155.6,1.0,4.2,-27
Neo,-0.0,-0.0,7.0,21.2,2.0,7.1,-5.0,-23.8,-3.0,-13.0,-6.0,-30.0,-6
Synthetix,-0.0,-0.0,15.0,35.7,12.0,30.8,20.0,42.6,22.0,44.9,18.0,40.0,32
Maker,-0.0,-0.0,25.0,47.2,25.0,47.2,9.0,24.3,1.0,3.4,-2.0,-7.7,19
Dai,-0.0,-0.0,3.0,9.4,-2.0,-7.4,-4.0,-16.0,17.0,37.0,34.0,54.0,12
Dash,-0.0,-0.0,2.0,5.9,2.0,5.9,-0.0,-0.0,-7.0,-28.0,-16.0,-100.0,-19
UNUS SED LEO,-0.0,-0.0,-6.0,-24.0,-8.0,-34.8,-9.0,-40.9,-13.0,-72.2,-14.0,-82.4,-42
Cosmos,-0.0,-0.0,7.0,22.6,6.0,20.0,-1.0,-4.3,2.0,7.7,-5.0,-26.3,3
Dogecoin,-0.0,-0.0,19.0,36.5,18.0,35.3,18.0,35.3,1.0,2.9,1.0,2.9,18
Zcash,-0.0,-0.0,13.0,27.1,12.0,25.5,-1.0,-2.9,-8.0,-29.6,-6.0,-20.7,0
Celsius,-0.0,-0.0,-8.0,-28.6,1.0,2.7,20.0,35.7,74.0,67.3,0,0,12
IOTA,-0.0,-0.0,13.0,30.2,10.0,25.0,-2.0,-7.1,-6.0,-25.0,-7.0,-30.4,-1
Binance USD,-0.0,-0.0,11.0,24.4,8.0,19.0,-4.0,-13.3,38.0,52.8,141.0,80.6,27
yearn.finance,-0.0,-0.0,12.0,24.0,6.0,13.6,5.0,11.6,78.0,67.2,0,0,19
Revain,-0.0,-0.0,-6.0,-17.1,-8.0,-24.2,60.0,59.4,580.0,93.4,185.0,81.9,32
Huobi Token,-0.0,-0.0,4.0,9.8,4.0,9.8,-11.0,-42.3,-17.0,-85.0,-16.0,-76.2,-30
Filecoin,-0.0,-0.0,-1.0,-2.6,-10.0,-34.5,-12.0,-44.4,0,0,0,0,-13
Compound,-0.0,-0.0,8.0,15.7,7.0,14.0,9.0,17.3,-5.0,-13.2,0,0,5
Solana,-0.0,-0.0,122.0,74.4,149.0,78.0,99.0,70.2,188.0,81.7,0,0,50
FTX Token,-0.0,-0.0,15.0,27.3,15.0,27.3,9.0,18.4,-0.0,-0.0,-4.0,-11.1,10
Ethereum Classic,-0.0,-0.0,5.0,10.2,4.0,8.3,-9.0,-25.7,-22.0,-100.0,-29.0,-193.3,-50
Zilliqa,-0.0,-0.0,-9.0,-23.1,1.0,2.0,29.0,37.7,19.0,28.4,58.0,54.7,16
Decred,-0.0,-0.0,8.0,13.8,10.0,16.7,40.0,44.4,16.0,24.2,-11.0,-28.2,11
Avalanche,-0.0,-0.0,44.0,49.4,39.0,46.4,70.0,60.9,0,0,0,0,26
SushiSwap,-0.0,-0.0,16.0,25.4,12.0,20.3,80.0,63.0,0,0,0,0,18
Kusama,-0.0,-0.0,10.0,17.9,12.0,20.7,26.0,36.1,157.0,77.3,0,0,25
Waves,-0.0,-0.0,-2.0,-4.3,-4.0,-8.9,1.0,2.0,30.0,38.0,21.0,30.0,9
HedgeTrade,-0.0,-0.0,49.0,45.8,48.0,45.3,12.0,17.1,-26.0,-81.2,-36.0,-163.6,-22
Elrond,-0.0,-0.0,17.0,23.6,10.0,15.4,44.0,44.4,0,0,0,0,13
Algorand,-0.0,-0.0,12.0,18.5,10.0,15.9,-0.0,-0.0,4.0,7.0,-1.0,-1.9,6
Loopring,-0.0,-0.0,36.0,39.1,41.0,42.3,23.0,29.1,41.0,42.3,125.0,69.1,36
renBTC,-0.0,-0.0,8.0,11.8,10.0,14.3,-6.0,-11.1,0,0,0,0,2
UMA,-0.0,-0.0,10.0,15.6,3.0,5.3,-12.0,-28.6,0,0,0,0,-1
Ontology,-0.0,-0.0,10.0,14.5,5.0,7.8,-14.0,-31.1,-29.0,-96.7,-29.0,-96.7,-33
OMG Network,-0.0,-0.0,13.0,18.6,10.0,14.9,-17.0,-42.5,-1.0,-1.8,1.0,1.7,-1
Nano,-0.0,-0.0,53.0,46.1,52.0,45.6,49.0,44.1,31.0,33.3,7.0,10.1,29
The Graph,-0.0,-0.0,9.0,15.0,3.0,5.6,0,0,0,0,0,0,3
Ren,-0.0,-0.0,23.0,30.7,31.0,37.3,12.0,18.8,32.0,38.1,86.0,62.3,31
Terra,-0.0,-0.0,13.0,17.1,18.0,22.2,40.0,38.8,13.0,17.1,41.0,39.4,22
Blockstack,-0.0,-0.0,7.0,9.0,20.0,22.0,48.0,40.3,50.0,41.3,102.0,59.0,28
Hedera Hashgraph,-0.0,-0.0,32.0,34.4,28.0,31.5,19.0,23.8,1.0,1.6,119.0,66.1,26
DigiByte,-0.0,-0.0,1.0,1.4,6.0,7.9,-9.0,-14.8,-28.0,-66.7,4.0,5.4,-11
0x,-0.0,-0.0,16.0,19.3,11.0,14.1,-2.0,-3.1,-19.0,-39.6,-17.0,-34.0,-7
Reserve Rights,-0.0,-0.0,31.0,31.0,32.0,31.7,19.0,21.6,89.0,56.3,267.0,79.5,36
OKB,-0.0,-0.0,-11.0,-17.7,-7.0,-10.6,-10.0,-15.9,-34.0,-87.2,-19.0,-35.2,-27
TrueUSD,-0.0,-0.0,14.0,17.1,9.0,11.7,-10.0,-17.2,-3.0,-4.6,-20.0,-41.7,-5
Basic Attention Token,-0.0,-0.0,12.0,15.6,6.0,8.5,-8.0,-14.0,-29.0,-80.6,-32.0,-97.0,-27
ICON,-0.0,-0.0,19.0,22.4,22.0,25.0,9.0,12.0,-5.0,-8.2,10.0,13.2,10
BitTorrent,-0.0,-0.0,7.0,8.9,1.0,1.4,-17.0,-30.9,-22.0,-44.0,6.0,7.7,-9
NEAR Protocol,-0.0,-0.0,-2227.0,-2530.7,-2225.0,-2472.2,-2224.0,-2444.0,0,0,0,0,-1241
Nexo,-0.0,-0.0,10.0,13.5,5.0,7.2,78.0,54.9,25.0,28.1,33.0,34.0,22
THORChain,-0.0,-0.0,23.0,23.2,34.0,30.9,72.0,48.6,56.0,42.4,186.0,71.0,36
SwissBorg,-0.0,-0.0,-0.0,-0.0,-1.0,-1.2,81.0,50.0,44.0,35.2,134.0,62.3,24
Qtum,-0.0,-0.0,14.0,15.4,10.0,11.5,-3.0,-4.1,-23.0,-42.6,-37.0,-92.5,-18
Horizen,-0.0,-0.0,52.0,40.0,58.0,42.6,99.0,55.9,39.0,33.3,-6.0,-8.3,27
Celo,-0.0,-0.0,14.0,14.4,13.0,13.5,-14.0,-20.3,-25.0,-43.1,0,0,-5
HUSD,-0.0,-0.0,49.0,39.5,23.0,23.5,-4.0,-5.6,10.0,11.8,0,0,11
Quant,-0.0,-0.0,22.0,19.8,24.0,21.2,-8.0,-9.9,17.0,16.0,34.0,27.6,12
Paxos Standard,-0.0,-0.0,-2.0,-2.3,-6.0,-7.3,-20.0,-29.4,-36.0,-69.2,-51.0,-137.8,-41
Bitcoin Gold,-0.0,-0.0,18.0,16.1,15.0,13.8,-0.0,-0.0,-25.0,-36.2,-53.0,-129.3,-22
IOST,-0.0,-0.0,72.0,47.7,74.0,48.4,58.0,42.3,39.0,33.1,9.0,10.2,30
Verge,-0.0,-0.0,36.0,27.5,36.0,27.5,52.0,35.4,14.0,12.8,1.0,1.0,17
Voyager Token,-0.0,-0.0,175.0,67.0,194.0,69.3,143.0,62.4,106.0,55.2,304.0,77.9,55
Kyber Network,-0.0,-0.0,20.0,19.0,19.0,18.3,-3.0,-3.7,-38.0,-80.9,24.0,22.0,-4
NXM,-0.0,-0.0,37.0,31.1,45.0,35.4,7.0,7.9,0,0,0,0,12
Augur,-0.0,-0.0,6.0,6.1,8.0,8.0,1.0,1.1,-37.0,-67.3,-48.0,-109.1,-26
Siacoin,-0.0,-0.0,24.0,21.1,21.0,18.9,10.0,10.0,2.0,2.2,-3.0,-3.4,8
Energy Web Token,-0.0,-0.0,15.0,15.8,14.0,14.9,-2.0,-2.6,89.0,52.7,0,0,13
ABBC Coin,-0.0,-0.0,4.0,3.8,-9.0,-9.7,-54.0,-112.5,2.0,1.9,-1.0,-1.0,-19
TerraUSD,-0.0,-0.0,3.0,2.9,6.0,5.7,0,0,0,0,0,0,1
Ampleforth,-0.0,-0.0,3.0,3.2,4.0,4.2,16.0,15.0,-63.0,-225.0,654.0,87.8,-19
Status,-0.0,-0.0,40.0,29.2,35.0,26.5,38.0,28.1,17.0,14.9,32.0,24.8,20
Ocean Protocol,-0.0,-0.0,30.0,25.6,29.0,25.0,-4.0,-4.8,60.0,40.8,182.0,67.7,25
Band Protocol,-0.0,-0.0,38.0,27.9,30.0,23.4,8.0,7.5,35.0,26.3,374.0,79.2,27
Lisk,-0.0,-0.0,10.0,8.8,4.0,3.7,-11.0,-12.0,-26.0,-33.8,-38.0,-58.5,-15
Bitcoin BEP2,-0.0,-0.0,27.0,22.5,45.0,32.6,57.0,38.0,0,0,0,0,15
Decentraland,-0.0,-0.0,37.0,27.8,24.0,20.0,17.0,15.0,56.0,36.8,36.0,27.3,21
Gnosis,-0.0,-0.0,38.0,27.5,43.0,30.1,74.0,42.5,119.0,54.3,150.0,60.0,35
RSK Infrastructure Framework,-0.0,-0.0,25.0,17.6,30.0,20.4,58.0,33.1,36.0,23.5,-7.0,-6.4,14
Bancor,-0.0,-0.0,24.0,19.2,23.0,18.5,66.0,39.5,12.0,10.6,136.0,57.4,24
Bitcoin Diamond,-0.0,-0.0,44.0,28.2,38.0,25.3,5.0,4.3,-37.0,-49.3,-50.0,-80.6,-12
Enjin Coin,-0.0,-0.0,65.0,46.8,48.0,39.3,30.0,28.8,7.0,8.6,9.0,10.8,22
Arweave,-0.0,-0.0,66.0,38.8,57.0,35.4,14.0,11.9,0,0,0,0,14
Matic Network,-0.0,-0.0,47.0,30.9,55.0,34.4,59.0,36.0,18.0,14.6,12.0,10.3,21
MaidSafeCoin,-0.0,-0.0,8.0,6.5,-3.0,-2.7,82.0,41.6,48.0,29.4,-0.0,-0.0,12
Theta Fuel,-0.0,-0.0,12.0,9.9,32.0,22.7,89.0,44.9,128.0,54.0,192.0,63.8,32
Holo,-0.0,-0.0,26.0,17.7,18.0,12.9,15.0,11.0,-26.0,-27.4,-60.0,-98.4,-14
Aragon,-0.0,-0.0,29.0,21.5,24.0,18.5,8.0,7.0,33.0,23.7,103.0,49.3,20
Ravencoin,-0.0,-0.0,37.0,25.5,26.0,19.4,15.0,12.2,-22.0,-25.6,-59.0,-120.4,-14
ZB Token,-0.0,-0.0,21.0,15.7,8.0,6.6,-15.0,-15.3,-13.0,-13.0,-53.0,-88.3,-15
Numeraire,-0.0,-0.0,25.0,17.7,17.0,12.8,12.0,9.4,39.0,25.2,140.0,54.7,19
Balancer,-0.0,-0.0,42.0,28.2,47.0,30.5,18.0,14.4,0,0,0,0,12
Curve DAO Token,-0.0,-0.0,88.0,51.2,81.0,49.1,156.0,65.0,0,0,0,0,27
Chiliz,-0.0,-0.0,-11.0,-10.2,18.0,13.1,71.0,37.4,41.0,25.6,46.0,27.9,15
CyberVein,-0.0,-0.0,-2.0,-1.6,-4.0,-3.2,-19.0,-17.3,64.0,33.2,330.0,71.9,13
Civic,-0.0,-0.0,90.0,42.3,78.0,38.8,221.0,64.2,187.0,60.3,113.0,47.9,42
Nervos Network,-0.0,-0.0,40.0,25.0,28.0,18.9,10.0,7.7,-22.0,-22.4,-53.0,-79.1,-8
MonaCoin,-0.0,-0.0,27.0,17.6,19.0,13.1,-4.0,-3.3,-39.0,-44.8,-49.0,-63.6,-13
TomoChain,-0.0,-0.0,89.0,40.3,89.0,40.3,69.0,34.3,8.0,5.7,14.0,9.6,21
1inch,-0.0,-0.0,88.0,44.4,0,0,0,0,0,0,0,0,7
Orchid,-0.0,-0.0,34.0,21.5,28.0,18.4,-4.0,-3.3,288.0,69.9,0,0,17
Pundi X,-0.0,-0.0,105.0,43.6,104.0,43.3,90.0,39.8,42.0,23.6,7.0,4.9,25
Injective Protocol,-0.0,-0.0,86.0,43.7,71.0,39.0,335.0,75.1,0,0,0,0,26
PAX Gold,-0.0,-0.0,46.0,26.4,42.0,24.7,35.0,21.5,42.0,24.7,115.0,47.3,24
KuCoin Shares,-0.0,-0.0,-0.0,-0.0,-4.0,-2.0,-56.0,-36.6,-82.0,-64.6,-138.0,-194.4,-49
Helium,-0.0,-0.0,43.0,26.7,37.0,23.9,68.0,36.6,0,0,0,0,14
Unibright,-0.0,-0.0,51.0,28.2,43.0,24.9,59.0,31.2,7.0,5.1,309.0,70.4,26
Utrust,-0.0,-0.0,81.0,37.9,92.0,40.9,78.0,37.0,78.0,37.0,307.0,69.8,37
FunFair,-0.0,-0.0,179.0,59.5,219.0,64.2,173.0,58.6,110.0,47.4,89.0,42.2,45
Bytom,-0.0,-0.0,33.0,19.8,28.0,17.3,-3.0,-2.3,-40.0,-42.6,-61.0,-83.6,-15
iExec RLC,-0.0,-0.0,62.0,31.0,50.0,26.6,13.0,8.6,-18.0,-15.0,-20.0,-16.9,5
Serum,-0.0,-0.0,78.0,35.8,83.0,37.2,44.0,23.9,0,0,0,0,16
Storj,-0.0,-0.0,54.0,28.0,47.0,25.3,-5.0,-3.7,83.0,37.4,96.0,40.9,21
Ardor,-0.0,-0.0,50.0,26.0,41.0,22.4,49.0,25.7,22.0,13.4,-28.0,-24.6,10
Kin,-0.0,-0.0,-15.0,-10.1,-23.0,-16.4,94.0,36.6,241.0,59.7,295.0,64.4,22
Alpha Finance Lab,-0.0,-0.0,146.0,53.5,158.0,55.4,0,0,0,0,0,0,18
Kava.io,-0.0,-0.0,77.0,38.1,64.0,33.9,45.0,26.5,5.0,3.8,182.0,59.3,26
Kleros,-0.0,-0.0,43.0,23.1,50.0,25.9,88.0,38.1,80.0,35.9,402.0,73.8,32
Golem,-0.0,-0.0,55.0,32.5,63.0,35.6,7.0,5.8,42.0,26.9,17.0,13.0,18
BitShares,-0.0,-0.0,48.0,24.6,32.0,17.9,33.0,18.3,-16.0,-12.2,-42.0,-40.0,1
district0x,-0.0,-0.0,161.0,51.1,142.0,48.0,493.0,76.2,485.0,75.9,380.0,71.2,53
Swipe,-0.0,-0.0,89.0,38.7,65.0,31.6,-9.0,-6.8,-34.0,-31.8,-88.0,-166.0,-22
Velas,-0.0,-0.0,53.0,26.0,78.0,34.1,-7.0,-4.9,-22.0,-17.1,18.0,10.7,8
DxChain Token,-0.0,-0.0,12.0,7.1,11.0,6.6,-17.0,-12.2,-76.0,-95.0,-64.0,-69.6,-27
IoTeX,-0.0,-0.0,107.0,42.5,104.0,41.8,13.0,8.2,83.0,36.4,44.0,23.3,25
Steem,-0.0,-0.0,50.0,25.5,46.0,24.0,25.0,14.6,-24.0,-19.7,-51.0,-53.7,-1
Komodo,-0.0,-0.0,50.0,25.8,46.0,24.2,28.0,16.3,-20.0,-16.1,-63.0,-77.8,-4
Oasis Network,-0.0,-0.0,64.0,31.8,31.0,18.5,0,0,0,0,0,0,8
Electroneum,-0.0,-0.0,56.0,24.6,52.0,23.2,22.0,11.3,-13.0,-8.2,-48.0,-38.7,2
DFI.Money,-0.0,-0.0,76.0,33.8,65.0,30.4,11.0,6.9,0,0,0,0,11
Keep3rV1,-0.0,-0.0,66.0,29.5,11.0,6.5,0,0,0,0,0,0,6
Syntropy,-0.0,-0.0,20.0,11.4,11.0,6.6,182.0,54.0,193.0,55.5,720.0,82.3,34
aelf,-0.0,-0.0,60.0,28.8,61.0,29.2,45.0,23.3,13.0,8.1,-6.0,-4.2,14
Aidos Kuneen,-0.0,-0.0,477.0,71.4,488.0,71.9,305.0,61.5,192.0,50.1,-52.0,-37.4,36
Fantom,-0.0,-0.0,88.0,36.7,80.0,34.5,40.0,20.8,110.0,42.0,70.0,31.5,27
Harmony,-0.0,-0.0,96.0,37.4,85.0,34.6,99.0,38.1,-19.0,-13.4,46.0,22.2,19
SingularityNET,-0.0,-0.0,82.0,33.1,77.0,31.7,79.0,32.2,178.0,51.7,143.0,46.3,32
OriginTrail,-0.0,-0.0,33.0,15.9,11.0,5.9,61.0,26.0,67.0,27.8,292.0,62.7,23
WAX,-0.0,-0.0,52.0,23.7,55.0,24.8,21.0,11.2,-21.0,-14.4,10.0,5.6,8
JUST,-0.0,-0.0,59.0,26.5,55.0,25.1,9.0,5.2,158.0,49.1,0,0,17
Wanchain,-0.0,-0.0,58.0,27.5,59.0,27.8,61.0,28.5,71.0,31.7,42.0,21.5,22
Divi,-0.0,-0.0,33.0,15.3,29.0,13.7,-28.0,-18.2,-86.0,-89.6,37.0,16.9,-10
Ankr,-0.0,-0.0,46.0,21.3,33.0,16.3,9.0,5.0,68.0,28.6,262.0,60.6,21
Melon,-0.0,-0.0,74.0,30.6,66.0,28.2,93.0,35.6,168.0,50.0,156.0,48.1,32
Hive,-0.0,-0.0,55.0,23.8,52.0,22.8,6.0,3.3,-40.0,-29.4,0,0,3
Polymath,-0.0,-0.0,62.0,26.2,72.0,29.1,98.0,35.9,129.0,42.4,109.0,38.4,28
Handshake ,-0.0,-0.0,97.0,34.9,109.0,37.6,61.0,25.2,52.0,22.3,0,0,20
Energi,-0.0,-0.0,79.0,34.5,68.0,31.2,28.0,15.7,-16.0,-11.9,-34.0,-29.3,6
LTO Network,-0.0,-0.0,121.0,42.3,149.0,47.5,224.0,57.6,201.0,54.9,157.0,48.8,41
ShareToken,-0.0,-0.0,-80.0,-33.5,-61.0,-23.6,-82.0,-34.6,-153.0,-92.2,0,0,-30
Fetch.ai,-0.0,-0.0,90.0,36.4,93.0,37.2,71.0,31.1,16.0,9.2,9.0,5.4,19
TrustSwap,-0.0,-0.0,81.0,31.2,75.0,29.5,162.0,47.5,117.0,39.5,0,0,24
Ark,-0.0,-0.0,56.0,23.9,52.0,22.6,46.0,20.5,-3.0,-1.7,27.0,13.2,13
xDai,-0.0,-0.0,139.0,46.5,126.0,44.1,63.0,28.3,375.0,70.1,0,0,31
Populous,-0.0,-0.0,165.0,47.0,164.0,46.9,273.0,59.5,140.0,42.9,27.0,12.7,34
Nimiq,-0.0,-0.0,150.0,42.9,215.0,51.8,199.0,49.9,6.0,2.9,449.0,69.2,36
Haven Protocol,-0.0,-0.0,32.0,14.2,39.0,16.7,99.0,33.8,103.0,34.7,291.0,60.0,26
Syscoin,-0.0,-0.0,78.0,29.8,81.0,30.6,97.0,34.5,-0.0,-0.0,77.0,29.5,20
Power Ledger,-0.0,-0.0,60.0,24.7,59.0,24.4,53.0,22.5,18.0,9.0,29.0,13.7,15
Stratis,-0.0,-0.0,63.0,26.7,54.0,23.8,37.0,17.6,-16.0,-10.2,-33.0,-23.6,5
Uquid Coin,-0.0,-0.0,50.0,21.3,188.0,50.4,-24.0,-14.9,123.0,39.9,373.0,66.8,27
Firo,-0.0,-0.0,83.0,32.7,80.0,31.9,33.0,16.2,-20.0,-13.2,-59.0,-52.7,2
AdEx Network,-0.0,-0.0,76.0,28.8,114.0,37.7,104.0,35.6,277.0,59.6,152.0,44.7,34
Loom Network,-0.0,-0.0,154.0,46.5,156.0,46.8,165.0,48.2,124.0,41.2,44.0,19.9,33
LBRY Credits,-0.0,-0.0,129.0,43.3,167.0,49.7,312.0,64.9,207.0,55.1,190.0,52.9,44
WaykiChain,-0.0,-0.0,123.0,40.6,107.0,37.3,63.0,25.9,15.0,7.7,-4.0,-2.3,18
MCO,-0.0,-0.0,54.0,21.3,54.0,21.3,17.0,7.9,-61.0,-44.2,-120.0,-151.9,-24
ReddCoin,-0.0,-0.0,-52.0,-18.2,-61.0,-22.1,-68.0,-25.3,-111.0,-49.1,-133.0,-65.2,-29
The Midas Touch Gold,-0.0,-0.0,-112.0,-50.9,-138.0,-71.1,-230.0,-225.5,-258.0,-348.6,0,0,-116
Elastos,-0.0,-0.0,142.0,41.8,125.0,38.7,66.0,25.0,-30.0,-17.9,-35.0,-21.5,11
Travala.com,-0.0,-0.0,108.0,40.0,100.0,38.2,186.0,53.4,9.0,5.3,360.0,69.0,34
IRISnet,-0.0,-0.0,115.0,42.0,108.0,40.4,47.0,22.8,70.0,30.6,133.0,45.5,30
STASIS EURO,-0.0,-0.0,-82.0,-33.3,-83.0,-33.9,-95.0,-40.8,-126.0,-62.4,-195.0,-146.6,-52
DIA,-0.0,-0.0,82.0,30.5,76.0,28.9,31.0,14.2,0,0,0,0,12
SOLVE,-0.0,-0.0,-43.0,-16.0,-54.0,-21.0,-63.0,-25.4,-121.0,-63.7,-184.0,-144.9,-45
Aion,-0.0,-0.0,91.0,31.7,75.0,27.7,50.0,20.3,-11.0,-5.9,-39.0,-24.8,8
QuarkChain,-0.0,-0.0,86.0,31.2,99.0,34.3,18.0,8.7,172.0,47.5,174.0,47.8,28
HEX,-0.0,-0.0,-180.0,-818.2,-170.0,-531.2,-190.0,-1583.3,-187.0,-1246.7,0,0,-696
Counos X,-0.0,-0.0,-180.0,-857.1,-179.0,-813.6,-170.0,-548.4,-164.0,-443.2,0,0,-443
IZE,-0.0,-0.0,-157.0,-341.3,-157.0,-341.3,-164.0,-420.5,359.0,63.9,0,0,-173
DeFiChain,-0.0,-0.0,-147.0,-257.9,-136.0,-200.0,-71.0,-53.4,0,0,0,0,-85
INO COIN,-0.0,-0.0,-161.0,-365.9,-162.0,-376.7,-167.0,-439.5,-172.0,-521.2,-170.0,-485.7,-364
ThoreCoin,-0.0,-0.0,-145.0,-237.7,-144.0,-232.3,-133.0,-182.2,-143.0,-227.0,-159.0,-338.3,-202
Insight Chain,-0.0,-0.0,-148.0,-250.8,-151.0,-269.6,-166.0,-404.9,-172.0,-491.4,-164.0,-381.4,-299
botXcoin,-0.0,-0.0,-123.0,-141.4,-124.0,-144.2,-125.0,-147.1,-127.0,-153.0,-111.0,-112.1,-116
Basid Coin,-0.0,-0.0,0,0,0,0,0,0,0,0,0,0,0
Creditcoin,-0.0,-0.0,-135.0,-184.9,-136.0,-188.9,-148.0,-246.7,0,0,0,0,-103
Bitcoin Cash ABC,-0.0,-0.0,-127.0,-151.2,-137.0,-185.1,0,0,0,0,0,0,-56
Empty Set Dollar,-0.0,-0.0,-115.0,-113.9,-137.0,-173.4,0,0,0,0,0,0,-47
Cipher Core Token,-0.0,-0.0,-147.0,-222.7,-128.0,-150.6,-147.0,-222.7,0,0,0,0,-99
Zelwin,-0.0,-0.0,-132.0,-165.0,-137.0,-182.7,-150.0,-241.9,-153.0,-259.3,0,0,-141
Cryptonex,-0.0,-0.0,-119.0,-124.0,-113.0,-110.8,-99.0,-85.3,-112.0,-108.7,-160.0,-290.9,-119
Joule,-0.0,-0.0,-84.0,-52.8,-72.0,-42.1,-48.0,-24.6,-69.0,-39.7,-113.0,-86.9,-41
Advanced Internet Blocks,-0.0,-0.0,-196.0,-363.0,135.0,35.1,-41.0,-19.6,-168.0,-204.9,1145.0,82.1,-78
Helper Search Token,-0.0,-0.0,-108.0,-99.1,-100.0,-85.5,-72.0,-49.7,1793.0,89.2,1610.0,88.1,-9
Huobi BTC,-0.0,-0.0,-92.0,-73.0,-95.0,-77.2,-48.0,-28.2,0,0,0,0,-29
Sologenic,-0.0,-0.0,-88.0,-66.7,-78.0,-54.9,-111.0,-101.8,-118.0,-115.7,0,0,-56
Doctors Coin,-0.0,-0.0,-118.0,-113.5,-119.0,-115.5,-127.0,-133.7,-131.0,-144.0,0,0,-84
Largo Coin,-0.0,-0.0,-116.0,-112.6,-120.0,-121.2,-135.0,-160.7,-149.0,-212.9,0,0,-101
Elitium,-0.0,-0.0,-81.0,-56.6,-75.0,-50.3,131.0,36.9,117.0,34.3,102.0,31.3,0
Chimpion,-0.0,-0.0,-131.0,-145.6,-113.0,-104.6,56.0,20.2,28.0,11.2,69.0,23.8,-32
sUSD,-0.0,-0.0,139.0,37.9,126.0,35.6,76.0,25.0,52.0,18.6,138.0,37.7,25
YUSRA,-0.0,-0.0,0,0,0,0,0,0,0,0,0,0,0
NewYork Exchange,-0.0,-0.0,-118.0,-100.0,-117.0,-98.3,-90.0,-61.6,-93.0,-65.0,35.0,12.9,-52
Bridge Oracle,-0.0,-0.0,-98.0,-76.0,-69.0,-43.7,23.0,9.2,0,0,0,0,-18
Bitpanda Ecosystem Token,-0.0,-0.0,-66.0,-40.0,-67.0,-40.9,923.0,80.0,897.0,79.5,905.0,79.7,26
Idea Chain Coin,-0.0,-0.0,-91.0,-59.1,-101.0,-70.1,-137.0,-126.9,-146.0,-147.5,0,0,-67
Tratin,-0.0,-0.0,-58.0,-33.0,-83.0,-55.0,-22.0,-10.4,-21.0,-9.9,-66.0,-39.3,-24
TNC Coin,-0.0,-0.0,-132.0,-120.0,-150.0,-163.0,-175.0,-261.2,-191.0,-374.5,0,0,-153
Mobilian Coin,-0.0,-0.0,0,0,0,0,0,0,0,0,0,0,0
MimbleWimbleCoin,-0.0,-0.0,-97.0,-67.4,-66.0,-37.7,-56.0,-30.3,-168.0,-230.1,0,0,-60
Darma Cash,-0.0,-0.0,-116.0,-100.0,-106.0,-84.1,-77.0,-49.7,0,0,0,0,-38
CRYPTOBUCKS,-0.0,-0.0,-75.0,-46.3,-21.0,-9.7,-5.0,-2.2,72.0,23.3,0,0,-5
Neutrino USD,-0.0,-0.0,-116.0,-95.1,-120.0,-101.7,-33.0,-16.1,65.0,21.5,0,0,-31
Bloomzed Loyalty Club Ticket,-0.0,-0.0,-84.0,-54.2,-80.0,-50.3,137.0,36.4,-42.0,-21.3,0,0,-14
Vitae,-0.0,-0.0,-98.0,-76.6,-111.0,-96.5,-83.0,-58.0,-45.0,-24.9,32.0,12.4,-40
Keep Network,-0.0,-0.0,-75.0,-50.0,-90.0,-66.7,-26.0,-13.1,0,0,0,0,-21
GreenPower,-0.0,-0.0,-108.0,-77.1,-119.0,-92.2,41.0,14.2,333.0,57.3,-4.0,-1.6,-16
STPAY,-0.0,-0.0,-35.0,-19.6,-18.0,-9.2,-127.0,-146.0,0,0,0,0,-29
XeniosCoin,-0.0,-0.0,-73.0,-39.7,-40.0,-18.4,-10.0,-4.0,-7.0,-2.8,0,0,-10
Mixin,-0.0,-0.0,-58.0,-30.7,-75.0,-43.6,-98.0,-65.8,-132.0,-114.8,-190.0,-333.3,-98
Hellenic Coin,-0.0,-0.0,-50.0,-24.4,-29.0,-12.8,-4.0,-1.6,20.0,7.3,786.0,75.5,7
Dimension Chain,-0.0,-0.0,-96.0,-61.1,-97.0,-62.2,249.0,49.6,145.0,36.4,-173.0,-216.2,-42
Hegic,-0.0,-0.0,53.0,17.8,-8.0,-3.4,0,0,0,0,0,0,2
Beldex,-0.0,-0.0,-98.0,-60.1,-98.0,-60.1,-123.0,-89.1,-94.0,-56.3,-176.0,-207.1,-78
AXEL,-0.0,-0.0,-59.0,-28.6,-63.0,-31.2,-58.0,-28.0,0,0,0,0,-14
Amp,-0.0,-0.0,-75.0,-40.1,-64.0,-32.3,67.0,20.4,0,0,0,0,-8
Wrapped BNB,-0.0,-0.0,-73.0,-39.9,-57.0,-28.6,-159.0,-163.9,0,0,0,0,-38
PARSIQ,-0.0,-0.0,-47.0,-25.8,-29.0,-14.5,220.0,49.0,0,0,0,0,1
NuCypher,-0.0,-0.0,-60.0,-31.4,-73.0,-41.0,0,0,0,0,0,0,-12
XinFin Network,-0.0,-0.0,-64.0,-34.0,-48.0,-23.5,-128.0,-103.2,-63.0,-33.3,225.0,47.2,-24
Bonorum,-0.0,-0.0,71.0,20.8,88.0,24.6,43.0,13.7,70.0,20.6,0,0,13
Qcash,-0.0,-0.0,-86.0,-48.6,-89.0,-51.1,-107.0,-68.6,-128.0,-94.8,-152.0,-136.9,-66
Rakon,-0.0,-0.0,21.0,7.6,55.0,17.8,220.0,46.4,168.0,39.8,0,0,18
CoinMetro Token,-0.0,-0.0,151.0,35.6,161.0,37.1,210.0,43.5,207.0,43.1,905.0,76.8,39
stETH (Lido),-0.0,-0.0,388.0,54.3,429.0,56.7,0,0,0,0,0,0,18
Secret,-0.0,-0.0,0,0,0,0,0,0,0,0,0,0,0
WhiteCoin,-0.0,-0.0,-25.0,-11.9,-28.0,-13.5,-83.0,-54.6,-27.0,-13.0,517.0,68.8,-4
Baer Chain,-0.0,-0.0,-79.0,-42.7,-107.0,-68.2,-95.0,-56.2,-186.0,-238.5,0,0,-67
Strong,-0.0,-0.0,-100.0,-60.2,-90.0,-51.1,-170.0,-177.1,0,0,0,0,-48
GNY,-0.0,-0.0,107.0,30.1,169.0,40.4,922.0,78.7,400.0,61.6,6.0,2.4,35
Metacoin,-0.0,-0.0,-69.0,-40.4,-60.0,-33.3,-154.0,-179.1,0,0,0,0,-42
Stakenet,-0.0,-0.0,68.0,19.6,199.0,41.6,56.0,16.7,-13.0,-4.9,132.0,32.1,17
SKALE Network,-0.0,-0.0,-20.0,-8.4,-27.0,-11.7,0,0,0,0,0,0,-3
Homeros,-0.0,-0.0,-207.0,-309.0,-213.0,-349.2,-215.0,-364.4,-173.0,-171.3,0,0,-198
TerraKRW,-0.0,-0.0,-87.0,-45.8,-90.0,-48.1,-137.0,-97.9,-136.0,-96.5,-276.0,-27600.0,-4648
MINDOL,-0.0,-0.0,-242.0,-896.3,-245.0,-1020.8,-157.0,-140.2,-205.0,-320.3,-244.0,-976.0,-558
Edgeware,-0.0,-0.0,0,0,0,0,0,0,0,0,0,0,0
Attila,-0.0,-0.0,-64.0,-29.5,-66.0,-30.7,-122.0,-76.7,-132.0,-88.6,0,0,-37
MATH,-0.0,-0.0,-59.0,-27.8,-63.0,-30.3,-84.0,-44.9,0,0,0,0,-17
PancakeSwap,-0.0,-0.0,283.0,51.5,283.0,51.5,283.0,51.5,0,0,0,0,25
CRYPTO20,-0.0,-0.0,-31.0,-12.7,-14.0,-5.4,-10.0,-3.8,-19.0,-7.4,-76.0,-38.2,-11
Eauric,-0.0,-0.0,18.0,6.2,72.0,20.9,0,0,0,0,0,0,4
Poseidon Network,-0.0,-0.0,-148.0,-101.4,-148.0,-101.4,-218.0,-286.8,-98.0,-50.0,-86.0,-41.3,-96
Polkastarter,-0.0,-0.0,0,0,0,0,0,0,0,0,0,0,0
Waves Enterprise,-0.0,-0.0,248.0,46.0,245.0,45.7,379.0,56.6,504.0,63.4,0,0,35
Bithao,-0.0,-0.0,-68.0,-30.6,-80.0,-38.1,0,0,0,0,0,0,-11
Rewardiqa,-0.0,-0.0,465.0,62.2,653.0,69.8,1232.0,81.3,0,0,0,0,35
Bitball Treasure,-0.0,-0.0,-82.0,-40.4,-90.0,-46.2,-128.0,-81.5,-131.0,-85.1,391.0,57.8,-32
Ferrum Network,-0.0,-0.0,84.0,21.7,74.0,19.6,284.0,48.4,275.0,47.6,512.0,62.8,33
YAM v1,-0.0,-0.0,33.0,11.3,55.0,17.5,323.0,55.4,0,0,0,0,14
Perpetual Protocol,-0.0,-0.0,169.0,40.7,170.0,40.9,121.0,33.0,0,0,0,0,19
EFFORCE,-0.0,-0.0,20.0,6.3,-53.0,-21.7,0,0,0,0,0,0,-2
Sport and Leisure,-0.0,-0.0,38.0,11.6,67.0,18.8,98.0,25.3,48.0,14.2,83.0,22.3,15
BitMax Token,-0.0,-0.0,55.0,15.6,41.0,12.1,-27.0,-10.0,-80.0,-36.7,-177.0,-146.3,-27
The Transfer Token,-0.0,-0.0,-37.0,-14.3,-58.0,-24.4,-5.0,-1.7,0,0,0,0,-6
cVault.finance,-0.0,-0.0,0,0,0,0,0,0,0,0,0,0,0
ChainX,-0.0,-0.0,89.0,23.4,87.0,23.0,26.0,8.2,51.0,14.9,246.0,45.7,19
Orion Protocol,-0.0,-0.0,-40.0,-15.7,-47.0,-19.0,44.0,13.0,0,0,0,0,-3
Sora,-0.0,-0.0,3.0,1.1,-19.0,-7.3,88.0,24.0,0,0,0,0,2
Harvest Finance,-0.0,-0.0,-30.0,-11.6,-36.0,-14.3,-107.0,-59.1,0,0,0,0,-14
NEST Protocol,-0.0,-0.0,-1.0,-0.4,-49.0,-20.9,-158.0,-125.4,36.0,11.3,0,0,-22
Bankera,-0.0,-0.0,-71.0,-27.0,-33.0,-11.0,-119.0,-55.3,-143.0,-74.9,-209.0,-167.2,-55
Sapphire,-0.0,-0.0,17.0,5.1,32.0,9.2,301.0,48.8,0,0,0,0,10
1irstcoin,-0.0,-0.0,-52.0,-16.7,-50.0,-16.0,-114.0,-45.8,-51.0,-16.3,-269.0,-286.2,-63
Orbit Chain,-0.0,-0.0,-57.0,-22.9,-69.0,-29.1,1215.0,79.9,0,0,0,0,4
Mirror Protocol,-0.0,-0.0,88.0,22.6,161.0,34.8,0,0,0,0,0,0,9
Centrality,-0.0,-0.0,-62.0,-25.3,-41.0,-15.4,-139.0,-82.7,-163.0,-113.2,-241.0,-365.2,-100
BTU Protocol,-0.0,-0.0,-103.0,-45.4,-110.0,-50.0,-96.0,-41.0,-148.0,-81.3,-28.0,-9.3,-37
TitanSwap,-0.0,-0.0,0,0,0,0,0,0,0,0,0,0,0
Everipedia,-0.0,-0.0,148.0,42.9,149.0,43.1,115.0,36.9,128.0,39.4,115.0,36.9,33
STEM CELL COIN,-0.0,-0.0,-97.0,-38.6,-93.0,-36.5,-74.0,-27.0,-200.0,-135.1,-48.0,-16.0,-42
KardiaChain,-0.0,-0.0,-66.0,-28.3,-86.0,-40.4,-29.0,-10.7,43.0,12.6,0,0,-11
GateToken,-0.0,-0.0,-47.0,-17.0,-43.0,-15.3,-105.0,-47.9,-124.0,-62.0,-124.0,-62.0,-34
Ultra,-0.0,-0.0,-48.0,-18.8,-32.0,-11.8,-17.0,-5.9,88.0,22.4,122.0,28.6,2
Celer Network,-0.0,-0.0,157.0,45.0,138.0,41.8,172.0,47.3,44.0,18.6,83.0,30.2,30
CryptalDash,-0.0,-0.0,-236.0,-590.0,-224.0,-430.8,138.0,33.3,69.0,20.0,543.0,66.3,-150
MXC,-0.0,-0.0,16.0,4.9,-0.0,-0.0,-91.0,-41.2,-78.0,-33.3,340.0,52.1,-2
Bitbook Gambling,-0.0,-0.0,-245.0,-141.6,-237.0,-130.9,-242.0,-137.5,-239.0,-133.5,-315.0,-305.8,-141
Breezecoin,-0.0,-0.0,2.0,0.7,5.0,1.7,-67.0,-30.5,-104.0,-56.8,-189.0,-192.9,-46
YF Link,-0.0,-0.0,75.0,18.7,85.0,20.7,-12.0,-3.8,0,0,0,0,5
Rocket Pool,-0.0,-0.0,46.0,12.8,36.0,10.3,-86.0,-37.9,-86.0,-37.9,125.0,28.5,-4
Tellor,-0.0,-0.0,117.0,38.2,110.0,36.8,24.0,11.3,129.0,40.6,539.0,74.0,33
TROY,-0.0,-0.0,40.0,10.8,-4.0,-1.2,-50.0,-17.9,-1.0,-0.3,51.0,13.4,0
Wixlar,-0.0,-0.0,-34.0,-9.3,39.0,8.9,13.0,3.1,-35.0,-9.6,-97.0,-32.0,-6
mStable USD,-0.0,-0.0,-1.0,-0.3,-18.0,-5.5,0,0,0,0,0,0,0
VNDC,-0.0,-0.0,130.0,16.9,141.0,18.1,82.0,11.4,14.0,2.2,124.0,16.3,10
BHEX Token,-0.0,-0.0,-53.0,-18.4,-47.0,-16.0,-42.0,-14.0,-81.0,-31.2,-59.0,-20.9,-16
Trust Wallet Token,-0.0,-0.0,-61.0,-21.9,-52.0,-18.1,-14.0,-4.3,0,0,0,0,-7
Hxro,-0.0,-0.0,-56.0,-20.0,-54.0,-19.1,-111.0,-49.3,-37.0,-12.4,229.0,40.5,-10
Livepeer,-0.0,-0.0,-20.0,-7.1,-24.0,-8.6,-72.0,-31.3,-108.0,-55.7,0,0,-17
Streamr,-0.0,-0.0,-0.0,-0.0,3.0,0.9,-60.0,-22.8,-106.0,-48.8,-26.0,-8.8,-13
RAMP,-0.0,-0.0,369.0,51.0,405.0,53.4,0,0,0,0,0,0,17
SALT,-0.0,-0.0,-12.0,-3.5,35.0,9.1,212.0,37.7,159.0,31.2,148.0,29.7,17
Frax Share,-0.0,-0.0,0,0,0,0,0,0,0,0,0,0,0
TrueFi,-0.0,-0.0,-53.0,-20.0,-35.0,-12.4,0,0,0,0,0,0,-5
Super Zero Protocol,-0.0,-0.0,-53.0,-17.5,-62.0,-21.2,-97.0,-37.6,-183.0,-106.4,0,0,-30
saffron.finance,-0.0,-0.0,135.0,30.7,69.0,18.4,0,0,0,0,0,0,8
Venus,-0.0,-0.0,0,0,0,0,0,0,0,0,0,0,0
SUN,-0.0,-0.0,-4.0,-1.3,-47.0,-17.1,34.0,9.6,0,0,0,0,-1
Orbs,-0.0,-0.0,-8.0,-2.6,-4.0,-1.3,-65.0,-25.5,-113.0,-54.6,-46.0,-16.8,-16
HyperCash,-0.0,-0.0,-21.0,-6.4,-59.0,-20.3,-150.0,-75.0,-205.0,-141.4,-259.0,-284.6,-87
VIDT Datalink,-0.0,-0.0,-43.0,-13.4,14.0,3.7,7.0,1.9,-13.0,-3.7,160.0,30.5,3
API3,-0.0,-0.0,62.0,18.1,-1.0,-0.4,0,0,0,0,0,0,2
Cryptoindex.com 100,-0.0,-0.0,-104.0,-39.0,-103.0,-38.4,-88.0,-31.1,72.0,16.3,-249.0,-204.1,-49
COTI,-0.0,-0.0,1.0,0.3,-0.0,-0.0,22.0,6.4,-40.0,-14.2,329.0,50.6,7
Request,-0.0,-0.0,-80.0,-29.4,-48.0,-15.8,-25.0,-7.6,-78.0,-28.5,-36.0,-11.4,-15
Ultiledger,-0.0,-0.0,-72.0,-22.6,-73.0,-23.0,-137.0,-53.9,-123.0,-45.9,-150.0,-62.2,-34
Cortex,-0.0,-0.0,32.0,8.2,39.0,9.8,-39.0,-12.2,-104.0,-40.8,-65.0,-22.1,-9
Bytecoin,-0.0,-0.0,-17.0,-5.1,-25.0,-7.6,-48.0,-15.7,-177.0,-100.6,-246.0,-229.9,-59
ankrETH,-0.0,-0.0,0,0,0,0,0,0,0,0,0,0,0
Origin Protocol,-0.0,-0.0,19.0,5.2,-8.0,-2.4,-28.0,-8.9,-72.0,-26.6,0,0,-5
bZx Protocol,-0.0,-0.0,62.0,16.7,27.0,8.0,82.0,20.9,-130.0,-72.2,0,0,-4
v.systems,-0.0,-0.0,-16.0,-4.8,-51.0,-17.3,-107.0,-44.8,-184.0,-113.6,-260.0,-302.3,-80
Safex Token,-0.0,-0.0,-138.0,-59.5,-96.0,-35.0,266.0,41.8,270.0,42.2,30.0,7.5,0
DigixDAO,-0.0,-0.0,50.0,12.6,76.0,18.0,104.0,23.1,66.0,16.0,-254.0,-273.1,-33
Thunder Token,-0.0,-0.0,-77.0,-26.1,-55.0,-17.4,-105.0,-39.3,-132.0,-55.0,-208.0,-126.8,-44
Loki,-0.0,-0.0,-0.0,-0.0,-14.0,-4.5,-24.0,-8.0,-76.0,-30.6,-76.0,-30.6,-12
Wirex Token,-0.0,-0.0,-86.0,-27.9,-88.0,-28.8,-122.0,-44.9,-135.0,-52.1,-152.0,-62.8,-36
ExtStock Token,-0.0,-0.0,-314.0,-1046.7,-313.0,-1009.7,-62.0,-22.0,-15.0,-4.6,0,0,-347
Ignis,-0.0,-0.0,-20.0,-5.8,5.0,1.3,7.0,1.9,-49.0,-15.5,-187.0,-104.5,-20
Mainframe,-0.0,-0.0,51.0,14.2,42.0,12.0,42.0,12.0,14.0,4.3,46.0,13.0,9
Groestlcoin,-0.0,-0.0,-55.0,-17.5,-26.0,-7.6,47.0,11.3,5.0,1.3,-129.0,-53.8,-11
MVL,-0.0,-0.0,-62.0,-20.3,-64.0,-21.1,56.0,13.2,355.0,49.2,259.0,41.4,10
USDK,-0.0,-0.0,-63.0,-19.9,-68.0,-21.9,-117.0,-44.7,-134.0,-54.7,-228.0,-151.0,-48
OctoFi,-0.0,-0.0,0,0,0,0,0,0,0,0,0,0,0
Axie Infinity,-0.0,-0.0,-38.0,-12.7,-68.0,-25.2,0,0,0,0,0,0,-6
Telcoin,-0.0,-0.0,299.0,49.3,300.0,49.3,210.0,40.5,164.0,34.7,3.0,1.0,29
Akash Network,-0.0,-0.0,75.0,20.4,68.0,18.8,0,0,0,0,0,0,6
YEP COIN,-0.0,-0.0,0,0,0,0,0,0,0,0,0,0,0
WINk,-0.0,-0.0,22.0,5.4,-34.0,-9.7,0,0,0,0,0,0,0
Pirate Chain,-0.0,-0.0,-131.0,-45.0,-145.0,-52.3,-11.0,-2.7,135.0,24.2,-4.0,-1.0,-12
Aeternity,-0.0,-0.0,-63.0,-20.3,-100.0,-36.6,-135.0,-56.7,-208.0,-126.1,-265.0,-245.4,-80
Switcheo,-0.0,-0.0,-80.0,-26.3,-84.0,-28.0,-82.0,-27.2,-68.0,-21.5,257.0,40.1,-10
BORA,-0.0,-0.0,-12.0,-3.3,-47.0,-14.3,-42.0,-12.6,10.0,2.6,51.0,11.9,-2
0Chain,-0.0,-0.0,21.0,5.1,40.0,9.2,84.0,17.6,177.0,31.1,508.0,56.4,19
Beam,-0.0,-0.0,18.0,4.6,-11.0,-3.0,-17.0,-4.8,-110.0,-41.7,-237.0,-173.0,-36
Metal,-0.0,-0.0,-20.0,-5.6,-25.0,-7.1,-46.0,-13.9,-85.0,-29.0,-132.0,-53.7,-18
Darwinia Network,-0.0,-0.0,-19.0,-5.6,135.0,27.4,103.0,22.4,114.0,24.2,0,0,11
REPO,-0.0,-0.0,130.0,27.1,57.0,14.0,79.0,18.5,87.0,20.0,28.0,7.4,14
Ducato Protocol Token,-0.0,-0.0,-145.0,-53.5,-152.0,-57.6,0,0,0,0,0,0,-18
Frax,-0.0,-0.0,102.0,30.7,0,0,0,0,0,0,0,0,5
NULS,-0.0,-0.0,18.0,4.7,-19.0,-5.6,-63.0,-21.1,-173.0,-92.0,-158.0,-77.8,-31
Hermez Network,-0.0,-0.0,-36.0,-9.9,-8.0,-2.0,0,0,0,0,0,0,-1
The Sandbox,-0.0,-0.0,26.0,7.2,-1.0,-0.3,-41.0,-13.9,0,0,0,0,-1
Zap,-0.0,-0.0,-14.0,-3.8,-67.0,-20.9,53.0,12.0,294.0,43.2,543.0,58.4,14
VeThor Token,-0.0,-0.0,170.0,46.6,171.0,46.7,163.0,45.5,-9.0,-4.8,0,0,22
Dynamic Trading Rights,-0.0,-0.0,-0.0,-0.0,7.0,1.6,-143.0,-51.4,-123.0,-41.3,-273.0,-184.5,-45
USDX [Kava],-0.0,-0.0,0,0,0,0,0,0,0,0,0,0,0
Sapien,-0.0,-0.0,-853.0,-192.6,-823.0,-174.0,-442.0,-51.8,-311.0,-31.6,-226.0,-21.1,-78
CertiK,-0.0,-0.0,3.0,0.8,-17.0,-4.6,0,0,0,0,0,0,0
Native Utility Token,-0.0,-0.0,-44.0,-11.5,-81.0,-23.5,-123.0,-40.6,0,0,0,0,-12
Reef,-0.0,-0.0,-108.0,-60.7,0,0,0,0,0,0,0,0,-10
PIVX,-0.0,-0.0,-6.0,-1.6,-11.0,-3.0,-42.0,-12.4,-110.0,-40.7,-146.0,-62.4,-20
Metaverse Dualchain Network Architecture,-0.0,-0.0,8.0,1.9,4.0,1.0,-201.0,-99.5,-298.0,-283.8,0,0,-63
Veritaseum,-0.0,-0.0,343.0,52.2,344.0,52.3,362.0,53.6,116.0,27.0,4.0,1.3,31
Dent,-0.0,-0.0,22.0,5.3,8.0,2.0,-36.0,-10.0,-63.0,-18.9,-145.0,-57.5,-13
Ripio Credit Network,-0.0,-0.0,-0.0,-0.0,-24.0,-6.3,-83.0,-25.9,-139.0,-52.5,-234.0,-137.6,-37
GXChain,-0.0,-0.0,-31.0,-8.4,-54.0,-15.6,-142.0,-54.8,-191.0,-91.0,-245.0,-157.1,-54
Akropolis,-0.0,-0.0,182.0,48.5,139.0,41.9,108.0,35.9,156.0,44.7,784.0,80.2,41
Grin,-0.0,-0.0,5.0,1.2,-117.0,-39.3,-27.0,-7.0,-128.0,-44.6,-274.0,-194.3,-47
Celo Dollar,-0.0,-0.0,0,0,0,0,0,0,0,0,0,0,0
Vai,-0.0,-0.0,-58.0,-16.3,235.0,36.3,0,0,0,0,0,0,3
Buggyra Coin Zero,-0.0,-0.0,-0.0,-0.0,-12.0,-3.5,-2.0,-0.6,-132.0,-60.0,-226.0,-179.4,-40
BASIC,-0.0,-0.0,-85.0,-25.4,-96.0,-29.6,-71.0,-20.3,76.0,15.3,0,0,-10
Nexalt,-0.0,-0.0,-179.0,-71.6,-169.0,-65.0,-26.0,-6.5,0,0,0,0,-23
VestChain,-0.0,-0.0,-137.0,-46.6,-124.0,-40.4,-248.0,-135.5,-386.0,-857.8,-257.0,-147.7,-204
Flamingo,-0.0,-0.0,0,0,0,0,0,0,0,0,0,0,0
Morpheus.Network,-0.0,-0.0,-13.0,-4.0,-20.0,-6.3,145.0,30.0,154.0,31.2,158.0,31.8,13
Waltonchain,-0.0,-0.0,-23.0,-6.0,-36.0,-9.7,-95.0,-30.5,-162.0,-66.4,-220.0,-118.3,-38
BarnBridge,-0.0,-0.0,13.0,3.3,20.0,5.0,0,0,0,0,0,0,1
BOSAGORA,-0.0,-0.0,-71.0,-21.1,-86.0,-26.7,-122.0,-42.7,-108.0,-36.0,-148.0,-56.9,-30
AgaveCoin,-0.0,-0.0,-97.0,-28.3,-80.0,-22.2,-143.0,-48.1,-177.0,-67.3,-257.0,-140.4,-51
GHOSTPRISM,-0.0,-0.0,-35.0,-8.2,-15.0,-3.4,111.0,19.4,106.0,18.7,0,0,4
Nash Exchange,-0.0,-0.0,-91.0,-27.2,-117.0,-38.0,-109.0,-34.5,-95.0,-28.8,-278.0,-189.1,-52
Crypterium,-0.0,-0.0,-86.0,-22.4,-132.0,-39.1,-148.0,-46.0,-258.0,-121.7,-350.0,-291.7,-86
Ecoreal Estate,-0.0,-0.0,100.0,18.9,136.0,24.0,-25.0,-6.2,-139.0,-47.8,-294.0,-216.2,-37
Metronome,-0.0,-0.0,42.0,9.3,70.0,14.5,95.0,18.7,125.0,23.3,39.0,8.6,12
NerveNetwork,-0.0,-0.0,-141.0,-39.5,-167.0,-50.5,-257.0,-106.6,0,0,0,0,-32
Nexus,-0.0,-0.0,21.0,4.7,-5.0,-1.2,9.0,2.1,-60.0,-16.3,-144.0,-50.9,-10
RSK Smart Bitcoin,-0.0,-0.0,4.0,0.9,36.0,7.5,232.0,34.3,321.0,41.9,341.0,43.4,21
StormX,-0.0,-0.0,-0.0,-0.0,-24.0,-6.1,-35.0,-9.2,-103.0,-32.8,-69.0,-19.8,-11
Maximine Coin,-0.0,-0.0,-58.0,-15.4,-67.0,-18.3,1241.0,74.1,925.0,68.1,-14.0,-3.3,17
HARD Protocol,-0.0,-0.0,0,0,0,0,0,0,0,0,0,0,0
MX Token,-0.0,-0.0,-11.0,-2.8,-11.0,-2.8,-121.0,-42.6,-133.0,-48.9,-166.0,-69.5,-27
Audius,-0.0,-0.0,-21.0,-5.3,-24.0,-6.1,-111.0,-36.0,0,0,0,0,-7
Lambda,-0.0,-0.0,18.0,4.3,3.0,0.7,12.0,2.9,-21.0,-5.6,-181.0,-83.4,-13
Decentralized Vulnerability Platform,-0.0,-0.0,-53.0,-13.1,-28.0,-6.5,0,0,0,0,0,0,-3
ASTA,-0.0,-0.0,148.0,26.3,105.0,20.2,0,0,0,0,0,0,7
Huobi Pool Token,-0.0,-0.0,51.0,11.9,32.0,7.8,-53.0,-16.4,-142.0,-60.4,-227.0,-151.3,-34
Bluzelle,-0.0,-0.0,105.0,24.9,126.0,28.4,6.0,1.9,71.0,18.3,175.0,35.6,18
Meta,-0.0,-0.0,130.0,27.5,145.0,29.8,420.0,55.1,12.0,3.4,0,0,19
Quantstamp,-0.0,-0.0,-51.0,-13.2,-45.0,-11.5,-84.0,-23.8,-56.0,-14.7,-36.0,-9.0,-12
Galatasaray Fan Token,-0.0,-0.0,-144.0,-46.0,26.0,5.4,0,0,0,0,0,0,-6
PEAKDEFI,-0.0,-0.0,-73.0,-19.0,-103.0,-29.0,347.0,43.1,570.0,55.4,0,0,8
ARPA Chain,-0.0,-0.0,-86.0,-26.5,-11.0,-2.8,-14.0,-3.5,-59.0,-16.8,2.0,0.5,-8
Robonomics.network,-0.0,-0.0,80.0,18.1,87.0,19.4,339.0,48.4,0,0,0,0,14
AirSwap,-0.0,-0.0,76.0,14.4,73.0,13.9,-101.0,-28.7,54.0,10.7,129.0,22.2,5
Refereum,-0.0,-0.0,-23.0,-5.6,-36.0,-9.0,436.0,50.1,401.0,48.0,81.0,15.7,16
WazirX,-0.0,-0.0,30.0,6.8,15.0,3.5,-79.0,-23.9,-156.0,-61.7,0,0,-12
Zynecoin,-0.0,-0.0,-85.0,-22.4,-160.0,-52.5,-158.0,-51.5,0,0,0,0,-21
Counos Coin,-0.0,-0.0,-73.0,-19.7,-80.0,-22.0,-315.0,-244.2,-318.0,-252.4,-362.0,-441.5,-163
Cindicator,-0.0,-0.0,-49.0,-11.5,-43.0,-10.0,-130.0,-37.7,-143.0,-43.1,-190.0,-66.7,-28
Ergo,-0.0,-0.0,36.0,7.8,18.0,4.1,-63.0,-17.5,222.0,34.4,131.0,23.6,8
Steem Dollars,-0.0,-0.0,-1.0,-0.2,-9.0,-2.1,199.0,31.3,133.0,23.4,-45.0,-11.5,6
Cream Finance,-0.0,-0.0,134.0,24.0,164.0,27.9,342.0,44.6,0,0,0,0,16
Einsteinium,-0.0,-0.0,-23.0,-5.6,-19.0,-4.6,34.0,7.3,-8.0,-1.9,-146.0,-51.0,-9
FC Barcelona Fan Token,-0.0,-0.0,-135.0,-44.0,-60.0,-15.7,0,0,0,0,0,0,-9
DAD,-0.0,-0.0,-50.0,-12.5,-73.0,-19.4,-164.0,-57.5,-228.0,-103.2,0,0,-32
Quantum Resistant Ledger,-0.0,-0.0,110.0,22.0,109.0,21.9,91.0,19.0,48.0,11.0,4.0,1.0,12
IDEX,-0.0,-0.0,-62.0,-15.8,-68.0,-17.6,-189.0,-71.1,-208.0,-84.2,-19.0,-4.4,-32
Etherisc DIP Token,-0.0,-0.0,-45.0,-14.1,39.0,9.7,-66.0,-22.1,0,0,0,0,-4
VerusCoin,-0.0,-0.0,-85.0,-20.3,-73.0,-17.0,-170.0,-51.1,0,0,0,0,-14
Klever,-0.0,-0.0,-25.0,-5.9,-69.0,-18.0,0,0,0,0,0,0,-3
Nectar,-0.0,-0.0,33.0,6.6,-103.0,-28.2,-180.0,-62.5,-229.0,-95.8,-84.0,-21.9,-33
Dragonchain,-0.0,-0.0,-48.0,-11.2,-67.0,-16.3,-112.0,-30.7,-226.0,-90.0,-157.0,-49.1,-32
SparkPoint,-0.0,-0.0,109.0,20.1,119.0,21.6,182.0,29.6,409.0,48.6,931.0,68.3,31
Universa,-0.0,-0.0,163.0,26.1,348.0,43.0,153.0,24.9,137.0,22.9,54.0,10.5,21
Zenon,-0.0,-0.0,108.0,18.8,69.0,12.9,-21.0,-4.7,-25.0,-5.7,0,0,3
12Ships,-0.0,-0.0,-14.0,-3.2,-17.0,-4.0,-67.0,-17.7,-162.0,-57.0,0,0,-13
Phala.Network,-0.0,-0.0,161.0,33.8,186.0,37.1,-19.0,-6.4,0,0,0,0,10
Gas,-0.0,-0.0,-18.0,-4.1,-31.0,-7.3,-58.0,-14.6,-125.0,-37.8,-176.0,-62.9,-21
Massnet,-0.0,-0.0,227.0,36.5,95.0,19.4,-78.0,-24.6,-109.0,-38.1,0,0,-1
ECC,-0.0,-0.0,-5.0,-0.8,36.0,5.3,154.0,19.2,122.0,15.9,13.0,2.0,6
DuckDaoDime,-0.0,-0.0,0,0,0,0,0,0,0,0,0,0,0
Invictus Hyperion Fund,-0.0,-0.0,-56.0,-13.0,-78.0,-19.1,-93.0,-23.7,-126.0,-35.0,-117.0,-31.7,-20
Obyte,-0.0,-0.0,-54.0,-13.1,-71.0,-17.9,-136.0,-41.1,-191.0,-69.2,-242.0,-107.6,-41
WOM Protocol,-0.0,-0.0,-66.0,-16.1,-87.0,-22.4,-186.0,-64.1,-161.0,-51.1,0,0,-25
Aladdin,-0.0,-0.0,-16.0,-3.3,24.0,4.6,137.0,21.5,165.0,24.8,-119.0,-31.2,2
Dusk Network,-0.0,-0.0,14.0,3.0,-1.0,-0.2,16.0,3.4,-63.0,-16.4,-109.0,-32.2,-7
Nebulas,-0.0,-0.0,-22.0,-4.9,-48.0,-11.4,-110.0,-30.6,-184.0,-64.6,-282.0,-150.8,-43
Contentos,-0.0,-0.0,14.0,3.0,1.0,0.2,-34.0,-8.2,-32.0,-7.6,-69.0,-18.1,-5
reflect.finance,-0.0,-0.0,154.0,26.5,97.0,18.5,0,0,0,0,0,0,7
Rally,-0.0,-0.0,291.0,39.4,333.0,42.7,0,0,0,0,0,0,13
Aurora,-0.0,-0.0,-49.0,-11.3,-70.0,-17.0,-154.0,-47.0,-363.0,-305.0,-183.0,-61.2,-73
Standard Tokenization Protocol,-0.0,-0.0,-32.0,-7.3,-33.0,-7.5,-90.0,-23.5,-83.0,-21.3,-88.0,-22.9,-13
SaluS,-0.0,-0.0,-89.0,-19.5,-66.0,-13.8,-171.0,-45.7,-232.0,-74.1,25.0,4.4,-24
Xensor,-0.0,-0.0,-38.0,-8.5,-40.0,-9.0,-137.0,-39.5,-205.0,-73.5,286.0,37.1,-15
yOUcash,-0.0,-0.0,-37.0,-8.0,-51.0,-11.3,0,0,0,0,0,0,-3
Agoras Tokens,-0.0,-0.0,-38.0,-8.0,-7.0,-1.4,-61.0,-13.6,-347.0,-211.6,-347.0,-211.6,-74
Seigniorage Shares,-0.0,-0.0,-6.0,-1.3,-44.0,-10.5,0,0,0,0,0,0,-1
Gemini Dollar,-0.0,-0.0,-64.0,-14.8,-69.0,-16.2,-95.0,-23.8,-61.0,-14.1,-20.0,-4.2,-12
REVV,-0.0,-0.0,-27.0,-6.0,69.0,12.6,192.0,28.6,0,0,0,0,5
Newscrypto,-0.0,-0.0,-44.0,-10.1,-81.0,-20.4,-116.0,-32.0,151.0,24.0,167.0,25.9,-2
BigONE Token,-0.0,-0.0,-92.0,-22.6,-127.0,-34.1,-189.0,-61.0,-226.0,-82.8,-364.0,-269.6,-78
Neutrino Token,-0.0,-0.0,238.0,38.8,336.0,47.3,1083.0,74.3,0,0,0,0,26
LATOKEN,-0.0,-0.0,-158.0,-35.1,-131.0,-27.5,-175.0,-40.4,-221.0,-57.1,-430.0,-241.6,-66
DREP,-0.0,-0.0,-50.0,-11.4,-73.0,-17.6,-106.0,-27.8,42.0,7.9,0,0,-8
dForce,-0.0,-0.0,25.0,5.1,27.0,5.5,65.0,12.3,0,0,0,0,3
BitForex Token,-0.0,-0.0,78.0,13.2,65.0,11.2,-0.0,-0.0,-57.0,-12.5,-370.0,-256.9,-40
CONTRACOIN,-0.0,-0.0,17.0,3.0,-79.0,-17.0,-224.0,-70.2,-219.0,-67.6,0,0,-25
Spartan Protocol,-0.0,-0.0,0,0,0,0,0,0,0,0,0,0,0
LCX,-0.0,-0.0,147.0,23.1,184.0,27.3,79.0,13.9,20.0,3.9,884.0,64.4,22
Apollo Currency,-0.0,-0.0,-43.0,-8.8,10.0,1.8,-142.0,-36.3,-195.0,-57.7,-216.0,-68.1,-28
Unifi Protocol DAO,-0.0,-0.0,-20.0,-4.7,-53.0,-13.6,0,0,0,0,0,0,-3
Gifto,-0.0,-0.0,-45.0,-11.1,-2.0,-0.4,155.0,25.6,45.0,9.1,-112.0,-33.1,-1
BoringDAO,-0.0,-0.0,64.0,12.7,124.0,22.0,0,0,0,0,0,0,5
Function X,-0.0,-0.0,-26.0,-5.6,-36.0,-7.9,-103.0,-26.4,-188.0,-61.6,-172.0,-53.6,-25
Prometeus,-0.0,-0.0,-27.0,-5.6,-58.0,-12.8,-143.0,-38.8,-49.0,-10.6,-62.0,-13.8,-13
PLATINCOIN,-0.0,-0.0,-46.0,-9.7,-6.0,-1.2,-94.0,-22.0,-239.0,-84.8,-354.0,-212.0,-54
NEXT,-0.0,-0.0,68.0,11.6,57.0,9.9,-34.0,-7.0,-226.0,-76.9,-359.0,-223.0,-47
Bonfida,-0.0,-0.0,54.0,9.8,21.0,4.1,0,0,0,0,0,0,2
Neblio,-0.0,-0.0,74.0,12.7,137.0,21.2,88.0,14.7,-36.0,-7.6,-153.0,-42.9,0
Gem Exchange And Trading,-0.0,-0.0,0,0,0,0,0,0,0,0,0,0,0
Polybius,-0.0,-0.0,150.0,20.5,256.0,30.5,120.0,17.1,107.0,15.5,-306.0,-110.9,-4
USDJ,-0.0,-0.0,-72.0,-16.2,-79.0,-18.1,-63.0,-13.9,147.0,22.2,0,0,-4
DMM: Governance,-0.0,-0.0,75.0,15.9,73.0,15.6,93.0,19.0,0,0,0,0,8
Tokenlon Network Token,-0.0,-0.0,0,0,0,0,0,0,0,0,0,0,0
Props Token,-0.0,-0.0,115.0,18.3,114.0,18.1,-9.0,-1.8,0,0,0,0,5
Leverj,-0.0,-0.0,89.0,15.4,124.0,20.3,88.0,15.3,135.0,21.7,207.0,29.8,17
Bitcoin 2,-0.0,-0.0,-20.0,-3.9,-7.0,-1.3,55.0,9.3,-140.0,-35.5,-400.0,-298.5,-54
OTOCASH,-0.0,-0.0,-217.0,-34.3,-218.0,-34.5,-231.0,-37.4,-252.0,-42.2,-568.0,-202.1,-58
Spendcoin,-0.0,-0.0,-7.0,-1.4,34.0,6.2,57.0,9.9,293.0,36.2,307.0,37.3,14
Measurable Data Token,-0.0,-0.0,-60.0,-13.2,-71.0,-16.1,51.0,9.0,157.0,23.4,-23.0,-4.7,0
ThoreNext,-0.0,-0.0,-214.0,-56.6,-190.0,-47.3,-340.0,-134.9,-405.0,-216.6,-541.0,-1060.8,-252
Global Digital Content,-0.0,-0.0,90.0,15.7,70.0,12.7,34.0,6.6,165.0,25.5,88.0,15.4,12
King DAG,-0.0,-0.0,-79.0,-17.2,-91.0,-20.4,-105.0,-24.3,-89.0,-19.9,0,0,-13
Cocos-BCX,-0.0,-0.0,196.0,35.5,186.0,34.3,115.0,24.4,59.0,14.2,-46.0,-14.8,15
Bella Protocol,-0.0,-0.0,15.0,3.1,-3.0,-0.6,-40.0,-9.3,0,0,0,0,-1
Unobtanium,-0.0,-0.0,-125.0,-27.7,-121.0,-26.6,-190.0,-49.2,-187.0,-48.1,-310.0,-116.5,-44
Marlin,-0.0,-0.0,67.0,12.6,-107.0,-30.0,0,0,0,0,0,0,-2
Monolith,-0.0,-0.0,29.0,5.4,26.0,4.9,-26.0,-5.4,-107.0,-27.0,-80.0,-18.9,-6
BHPCoin,-0.0,-0.0,-80.0,-17.0,-85.0,-18.3,-111.0,-25.3,-171.0,-45.1,-332.0,-152.3,-43
NavCoin,-0.0,-0.0,55.0,9.2,26.0,4.6,-37.0,-7.3,-56.0,-11.5,-159.0,-41.5,-7
Juventus Fan Token,-0.0,-0.0,-157.0,-39.3,-176.0,-46.2,0,0,0,0,0,0,-14
SUKU,-0.0,-0.0,85.0,17.3,104.0,20.4,-29.0,-7.7,0,0,0,0,5
Paris Saint-Germain Fan Token,-0.0,-0.0,-164.0,-41.5,-184.0,-49.1,0,0,0,0,0,0,-15
Beowulf,-0.0,-0.0,0,0,0,0,0,0,0,0,0,0,0
Sentinel,-0.0,-0.0,-63.0,-11.8,-38.0,-6.8,107.0,15.2,132.0,18.1,144.0,19.4,5
Moss Coin,-0.0,-0.0,-23.0,-3.8,1.0,0.2,-23.0,-3.8,-94.0,-17.4,-213.0,-50.5,-12
BitcoinPoS,-0.0,-0.0,-115.0,-30.5,-104.0,-26.8,-448.0,-1018.2,-451.0,-1100.0,0,0,-362
FirstBlood,-0.0,-0.0,-70.0,-14.3,-120.0,-27.4,-101.0,-22.1,-97.0,-21.0,-160.0,-40.2,-20
Perlin,-0.0,-0.0,-27.0,-5.6,-17.0,-3.5,-20.0,-4.1,-186.0,-58.3,-152.0,-43.1,-19
Molecular Future,-0.0,-0.0,-78.0,-16.6,-87.0,-18.9,-163.0,-42.4,-342.0,-166.8,-501.0,-1089.1,-222
Dock,-0.0,-0.0,-23.0,-4.6,52.0,9.0,97.0,15.6,1.0,0.2,-45.0,-9.4,1
PlatonCoin,-0.0,-0.0,-90.0,-16.4,-137.0,-27.3,-98.0,-18.1,175.0,21.5,324.0,33.6,-1
Endor Protocol,-0.0,-0.0,-74.0,-16.3,51.0,8.8,67.0,11.2,5.0,0.9,109.0,17.1,3
Factom,-0.0,-0.0,5.0,0.9,-39.0,-7.5,-66.0,-13.5,-186.0,-50.3,-327.0,-142.8,-35
Blocknet,-0.0,-0.0,-130.0,-29.2,-101.0,-21.3,-56.0,-10.8,-161.0,-38.9,-324.0,-129.1,-38
QASH,-0.0,-0.0,-44.0,-8.7,-33.0,-6.4,-123.0,-28.9,-177.0,-47.6,-325.0,-145.1,-39
MediBloc,-0.0,-0.0,-48.0,-9.5,-84.0,-17.9,-148.0,-36.5,-133.0,-31.6,-204.0,-58.3,-25
TrueChain,-0.0,-0.0,-23.0,-4.5,-64.0,-13.7,-151.0,-39.7,-300.0,-129.9,-338.0,-175.1,-60
Aergo,-0.0,-0.0,-15.0,-2.9,-4.0,-0.8,-88.0,-19.6,-80.0,-17.5,26.0,4.6,-6
Levolution,-0.0,-0.0,61.0,9.2,56.0,8.5,-127.0,-26.8,-82.0,-15.8,-256.0,-74.4,-16
Crypto Village Accelerator,-0.0,-0.0,-28.0,-5.8,81.0,13.8,142.0,21.8,0,0,0,0,4
Raiden Network Token,-0.0,-0.0,1.0,0.2,-1.0,-0.2,-61.0,-11.6,-193.0,-49.1,-212.0,-56.7,-19
Carry,-0.0,-0.0,-17.0,-3.3,-16.0,-3.1,-37.0,-7.5,-97.0,-22.5,-167.0,-46.3,-13
IQeon,-0.0,-0.0,-65.0,-13.1,-69.0,-14.1,-92.0,-19.7,-54.0,-10.7,26.0,4.4,-8
PowerPool,-0.0,-0.0,-13.0,-2.5,-59.0,-12.7,47.0,8.2,0,0,0,0,-1
Cashaa,-0.0,-0.0,65.0,11.5,68.0,11.9,68.0,11.9,249.0,33.2,-7.0,-1.4,11
Emirex Token,-0.0,-0.0,-39.0,-7.5,89.0,13.7,30.0,5.1,-166.0,-42.0,-272.0,-94.1,-20
Nxt,-0.0,-0.0,-45.0,-8.6,-72.0,-14.5,-69.0,-13.8,-169.0,-42.3,-278.0,-95.5,-29
Egoras,-0.0,-0.0,179.0,25.7,228.0,30.6,-99.0,-23.6,-309.0,-147.8,1320.0,71.8,-7
BitKan,-0.0,-0.0,-39.0,-7.9,-52.0,-10.8,-128.0,-31.7,-221.0,-71.1,-278.0,-109.4,-38
BitcoinHD,-0.0,-0.0,21.0,3.8,-29.0,-5.7,-172.0,-47.4,-319.0,-147.7,-407.0,-318.0,-85
Everus,-0.0,-0.0,-189.0,-39.9,-228.0,-52.4,-446.0,-205.5,-77.0,-13.1,-457.0,-221.8,-88
Peercoin,-0.0,-0.0,-3.0,-0.5,-48.0,-8.9,74.0,11.2,-88.0,-17.6,-160.0,-37.4,-8
PlayFuel,-0.0,-0.0,-230.0,-59.0,-258.0,-71.3,-424.0,-216.3,-443.0,-250.3,0,0,-99
SpaceChain,-0.0,-0.0,177.0,26.7,121.0,20.0,368.0,43.1,506.0,51.1,300.0,38.2,29
MiL.k,-0.0,-0.0,-76.0,-15.5,-93.0,-19.7,-147.0,-35.2,0,0,0,0,-11
Sentivate,-0.0,-0.0,66.0,9.8,21.0,3.3,-73.0,-13.6,-25.0,-4.3,117.0,16.1,1
ZBG Token,-0.0,-0.0,-116.0,-25.1,-118.0,-25.6,-171.0,-41.9,-215.0,-59.1,-302.0,-109.0,-43
Jewel,-0.0,-0.0,-170.0,-32.8,-181.0,-35.6,-248.0,-56.2,-354.0,-105.7,-498.0,-260.7,-81
Meme,-0.0,-0.0,-18.0,-3.6,25.0,4.6,101.0,16.2,0,0,0,0,2
DEX,-0.0,-0.0,198.0,25.4,225.0,27.9,252.0,30.3,318.0,35.4,-32.0,-5.8,18
Vertcoin,-0.0,-0.0,-30.0,-5.5,-16.0,-2.9,-265.0,-86.6,-244.0,-74.6,-341.0,-148.3,-52
DMarket,-0.0,-0.0,-44.0,-8.5,-23.0,-4.3,-19.0,-3.5,-70.0,-14.2,-309.0,-122.1,-25
PRIZM,-0.0,-0.0,-24.0,-4.5,-53.0,-10.6,-227.0,-69.8,-262.0,-90.3,-496.0,-885.7,-176
General Attention Currency,-0.0,-0.0,768.0,59.2,95.0,15.2,-1.0,-0.2,-64.0,-13.7,-336.0,-173.2,-18
NKN,-0.0,-0.0,-4.0,-0.8,-24.0,-4.8,-58.0,-12.6,-73.0,-16.4,-176.0,-51.3,-14
Bounce Token,-0.0,-0.0,-65.0,-14.1,-5.0,-1.0,-63.0,-13.6,0,0,0,0,-4
Atomic Wallet Coin,-0.0,-0.0,4.0,0.7,-48.0,-9.7,-5.0,-0.9,-183.0,-50.7,421.0,43.6,-2
dKargo,-0.0,-0.0,-81.0,-16.3,-74.0,-14.7,-64.0,-12.5,0,0,0,0,-7
Genesis Vision,-0.0,-0.0,98.0,14.6,87.0,13.2,56.0,8.9,28.0,4.7,-119.0,-26.3,2
MOAC,-0.0,-0.0,330.0,36.1,342.0,36.9,81.0,12.2,-13.0,-2.3,-321.0,-122.1,-6
Moeda Loyalty Points,-0.0,-0.0,-53.0,-10.1,-20.0,-3.6,-108.0,-23.0,-93.0,-19.2,-333.0,-135.9,-31
SIRIN LABS Token,-0.0,-0.0,-100.0,-21.5,-35.0,-6.6,79.0,12.2,33.0,5.5,13.0,2.2,-1
MovieBloc,-0.0,-0.0,-57.0,-11.0,-89.0,-18.4,-144.0,-33.5,-219.0,-61.7,-172.0,-42.8,-27
Davinci Coin,-0.0,-0.0,-73.0,-14.4,-121.0,-26.4,-205.0,-54.7,-274.0,-89.5,-193.0,-49.9,-39
FNB Protocol,-0.0,-0.0,-164.0,-34.4,-185.0,-40.6,-301.0,-88.5,-68.0,-11.9,-147.0,-29.8,-34
Dinastycoin,-0.0,-0.0,-117.0,-26.8,-133.0,-31.7,-71.0,-14.7,429.0,43.7,493.0,47.1,2
Wing,-0.0,-0.0,-37.0,-7.4,-86.0,-19.0,278.0,34.0,0,0,0,0,1
DigitalBits,-0.0,-0.0,-57.0,-11.1,-60.0,-11.8,182.0,24.2,-28.0,-5.2,14.0,2.4,0
PAC Global,-0.0,-0.0,-3.0,-0.5,43.0,6.4,-134.0,-27.1,216.0,25.6,42.0,6.3,1
Render Token,-0.0,-0.0,-115.0,-23.1,-118.0,-23.9,0,0,0,0,0,0,-7
Metadium,-0.0,-0.0,-67.0,-12.9,-78.0,-15.3,-115.0,-24.4,-125.0,-27.1,-108.0,-22.5,-17
JD Coin,-0.0,-0.0,-150.0,-31.1,-157.0,-33.0,66.0,9.4,79.0,11.1,0,0,-7
Dragon Coins,-0.0,-0.0,219.0,26.6,259.0,30.0,99.0,14.1,-242.0,-66.7,-450.0,-290.3,-47
Proton,-0.0,-0.0,-33.0,-6.2,-74.0,-15.0,-195.0,-52.4,-144.0,-34.0,0,0,-17
Leverj Gluon,-0.0,-0.0,177.0,28.8,154.0,26.0,0,0,0,0,0,0,9
Credit Tag Chain,-0.0,-0.0,-0.0,-0.0,45.0,6.4,102.0,13.5,208.0,24.1,-111.0,-20.4,3
Frontier,-0.0,-0.0,230.0,31.7,196.0,28.3,305.0,38.1,0,0,0,0,16
ERC20,-0.0,-0.0,91.0,15.9,81.0,14.4,-134.0,-38.7,-352.0,-275.0,263.0,35.4,-41
Chromia,-0.0,-0.0,39.0,6.9,26.0,4.7,-100.0,-23.6,-236.0,-81.9,235.0,31.0,-10
Anchor Neural World,-0.0,-0.0,23.0,4.0,4.0,0.7,-29.0,-5.5,0,0,0,0,0
OST,-0.0,-0.0,-36.0,-6.8,4.0,0.7,16.0,2.7,-63.0,-12.5,-226.0,-66.1,-13
Sentinel Protocol,-0.0,-0.0,-19.0,-3.5,-58.0,-11.5,-41.0,-7.9,-61.0,-12.2,-74.0,-15.1,-8
Maro,-0.0,-0.0,-42.0,-7.5,-43.0,-7.7,-91.0,-17.9,-167.0,-38.7,-326.0,-119.4,-31
Aleph.im,-0.0,-0.0,-0.0,-0.0,-33.0,-6.5,73.0,11.9,-144.0,-36.4,0,0,-5
Tachyon Protocol,-0.0,-0.0,-24.0,-4.2,-62.0,-11.7,-169.0,-40.1,-307.0,-108.5,0,0,-27
Project Pai,-0.0,-0.0,45.0,8.1,32.0,5.9,-139.0,-37.6,-242.0,-90.6,-327.0,-179.7,-48
smARTOFGIVING,-0.0,-0.0,-13.0,-2.2,-15.0,-2.5,-64.0,-11.8,12.0,1.9,886.0,59.4,7
CONUN,-0.0,-0.0,-57.0,-10.6,-70.0,-13.4,-340.0,-134.4,-185.0,-45.3,-241.0,-68.5,-45
Skycoin,-0.0,-0.0,-96.0,-19.3,-136.0,-29.7,-64.0,-12.1,-156.0,-35.6,-267.0,-81.7,-29
LikeCoin,-0.0,-0.0,-55.0,-9.8,-18.0,-3.0,254.0,29.1,355.0,36.4,89.0,12.6,10
Anchor,-0.0,-0.0,-85.0,-16.2,-82.0,-15.5,-135.0,-28.4,-166.0,-37.3,-274.0,-81.3,-29
DeXe,-0.0,-0.0,0,0,0,0,0,0,0,0,0,0,0
AEN Smart Token,-0.0,-0.0,198.0,22.2,487.0,41.3,84.0,10.8,-285.0,-70.0,-362.0,-109.7,-17
AnimalGo,-0.0,-0.0,-121.0,-24.5,0,0,0,0,0,0,0,0,-4
Cartesi,-0.0,-0.0,-24.0,-4.2,-35.0,-6.3,-8.0,-1.4,-112.0,-23.5,0,0,-5
Oraichain Token,-0.0,-0.0,239.0,35.1,351.0,44.3,0,0,0,0,0,0,13
Wowbit,-0.0,-0.0,-8.0,-1.3,34.0,5.0,155.0,19.4,223.0,25.8,46.0,6.7,9
YFDAI.FINANCE,-0.0,-0.0,-65.0,-12.1,-119.0,-24.6,-71.0,-13.3,0,0,0,0,-8
Fusion,-0.0,-0.0,4.0,0.6,-11.0,-1.8,-191.0,-45.3,-356.0,-138.5,-198.0,-47.7,-38
GoCrypto Token,-0.0,-0.0,276.0,31.4,335.0,35.7,241.0,28.5,84.0,12.2,-236.0,-64.1,7
SaTT,-0.0,-0.0,0,0,0,0,0,0,0,0,0,0,0
CoinEx Token,-0.0,-0.0,50.0,7.4,40.0,6.0,5.0,0.8,-114.0,-22.4,-354.0,-132.1,-23
Telos,-0.0,-0.0,85.0,11.4,106.0,13.9,5.0,0.8,-75.0,-12.9,-371.0,-129.3,-19
RChain,-0.0,-0.0,-57.0,-10.0,-82.0,-15.0,-189.0,-43.2,-335.0,-114.7,-302.0,-92.9,-45
Decentrahub Coin,-0.0,-0.0,-127.0,-19.1,-88.0,-12.5,110.0,12.2,0,0,0,0,-3
Trade Token X,-0.0,-0.0,-573.0,-142.2,-131.0,-15.5,1.0,0.1,24.0,2.4,-253.0,-35.0,-31
Hashgard,-0.0,-0.0,-92.0,-18.1,-101.0,-20.2,-292.0,-94.5,208.0,25.7,120.0,16.6,-15
Phoenix Global,-0.0,-0.0,-34.0,-6.0,-38.0,-6.7,280.0,31.7,116.0,16.2,-28.0,-4.9,5
Namecoin,-0.0,-0.0,57.0,8.9,108.0,15.6,8.0,1.3,-40.0,-7.3,-234.0,-66.7,-8
Tap,-0.0,-0.0,-470.0,-261.1,-409.0,-169.7,-485.0,-293.9,-582.0,-855.9,-591.0,-1001.7,-430
BIKI,-0.0,-0.0,-68.0,-12.4,-45.0,-7.9,-131.0,-26.9,-265.0,-75.1,0,0,-20
DEXTools,-0.0,-0.0,109.0,16.5,110.0,16.6,75.0,12.0,0,0,0,0,7
Karatgold Coin,-0.0,-0.0,241.0,34.7,17.0,3.6,-60.0,-15.2,-202.0,-80.2,-283.0,-165.5,-37
Ruff,-0.0,-0.0,108.0,14.6,87.0,12.1,80.0,11.2,-57.0,-9.9,-238.0,-60.1,-5
Polis,-0.0,-0.0,-61.0,-10.1,-99.0,-17.5,57.0,7.9,-167.0,-33.6,-336.0,-102.4,-25
Dero,-0.0,-0.0,-74.0,-11.6,-108.0,-17.9,-37.0,-5.5,-300.0,-73.0,-259.0,-57.3,-27
Gulden,-0.0,-0.0,110.0,14.2,108.0,14.0,109.0,14.1,-30.0,-4.7,-316.0,-91.3,-8
Presearch,-0.0,-0.0,369.0,38.2,333.0,35.8,249.0,29.4,203.0,25.4,110.0,15.6,24
Aryacoin,-0.0,-0.0,2.0,0.3,-5.0,-0.7,-64.0,-10.3,111.0,13.9,426.0,38.2,6
OAX,-0.0,-0.0,30.0,4.6,60.0,8.8,86.0,12.2,-36.0,-6.2,-100.0,-19.2,0
S4FE,-0.0,-0.0,-87.0,-15.2,-110.0,-20.0,-437.0,-196.8,-77.0,-13.2,-226.0,-52.2,-49
Constellation,-0.0,-0.0,-68.0,-13.0,-77.0,-15.0,-171.0,-40.7,-241.0,-68.9,-296.0,-100.3,-39
Gleec,-0.0,-0.0,38.0,4.7,40.0,5.0,-400.0,-108.7,44.0,5.4,0,0,-15
SymVerse,-0.0,-0.0,70.0,9.3,114.0,14.2,89.0,11.5,-4.0,-0.6,0,0,5
Viacoin,-0.0,-0.0,-38.0,-6.2,-3.0,-0.5,39.0,5.6,3.0,0.5,-191.0,-41.4,-7
CWV Chain,-0.0,-0.0,-65.0,-11.0,49.0,7.0,-141.0,-27.4,-230.0,-54.0,-71.0,-12.1,-16
FirmaChain,-0.0,-0.0,-19.0,-3.1,-15.0,-2.5,-182.0,-41.2,-137.0,-28.1,0,0,-12
Ambrosus,-0.0,-0.0,62.0,8.6,88.0,11.8,262.0,28.4,276.0,29.5,-2.0,-0.3,13
InflationCoin,-0.0,-0.0,184.0,27.1,216.0,30.4,135.0,21.5,1085.0,68.7,1159.0,70.1,36
VIDY,-0.0,-0.0,-54.0,-9.2,-83.0,-14.9,-188.0,-41.6,-150.0,-30.6,-270.0,-73.0,-28
Bit-Z Token,-0.0,-0.0,-31.0,-5.3,-52.0,-9.3,-218.0,-55.1,-243.0,-65.5,-424.0,-223.2,-59
FIBOS,-0.0,-0.0,-98.0,-17.7,-119.0,-22.3,-113.0,-20.9,-204.0,-45.4,-375.0,-134.9,-40
Mithril,-0.0,-0.0,-162.0,-34.6,-43.0,-7.3,60.0,8.7,-139.0,-28.3,-207.0,-48.9,-18
KeeperDAO,-0.0,-0.0,296.0,34.1,348.0,37.8,0,0,0,0,0,0,11
Kadena,-0.0,-0.0,-101.0,-18.3,-116.0,-21.6,-155.0,-31.1,0,0,0,0,-11
Dynamic,-0.0,-0.0,-77.0,-13.3,-86.0,-15.1,-126.0,-23.7,450.0,40.7,322.0,32.9,3
PieDAO DOUGH v2,-0.0,-0.0,0,0,0,0,0,0,0,0,0,0,0
Olive,-0.0,-0.0,5.0,0.7,39.0,5.4,155.0,18.6,565.0,45.4,369.0,35.2,17
LinkEye,-0.0,-0.0,-104.0,-19.2,-103.0,-18.9,-119.0,-22.5,-120.0,-22.8,83.0,11.4,-11
VNX Exchange,-0.0,-0.0,-77.0,-12.7,-100.0,-17.2,-172.0,-33.8,-200.0,-41.6,56.0,7.6,-16
Metaverse ETP,-0.0,-0.0,28.0,4.3,2.0,0.3,-211.0,-50.8,-270.0,-75.8,-464.0,-286.4,-68
Digitex Token,-0.0,-0.0,-219.0,-40.2,-188.0,-32.6,-488.0,-176.8,-652.0,-582.1,-611.0,-399.3,-205
MAP Protocol,-0.0,-0.0,-14.0,-2.2,-25.0,-4.0,-111.0,-20.8,0,0,0,0,-4
Morpheus Labs,-0.0,-0.0,-70.0,-11.7,-47.0,-7.6,-10.0,-1.5,-81.0,-13.8,170.0,20.3,-2
Observer,-0.0,-0.0,-44.0,-7.3,-70.0,-12.2,-97.0,-17.7,3.0,0.5,396.0,38.1,0
Arcblock,-0.0,-0.0,103.0,15.4,82.0,12.7,-8.0,-1.4,-129.0,-29.7,-300.0,-113.6,-19
XIO,-0.0,-0.0,-116.0,-20.4,-172.0,-33.5,13.0,1.9,-109.0,-18.9,0,0,-11
Gala,-0.0,-0.0,231.0,25.1,354.0,33.9,0,0,0,0,0,0,9
Selfkey,-0.0,-0.0,12.0,1.9,8.0,1.3,-67.0,-12.2,34.0,5.2,-143.0,-30.2,-5
Ubiq,-0.0,-0.0,-37.0,-5.8,-32.0,-5.0,-75.0,-12.5,-53.0,-8.5,-125.0,-22.6,-9
#MetaHash,-0.0,-0.0,-34.0,-5.3,-47.0,-7.5,-114.0,-20.4,-223.0,-49.6,-238.0,-54.7,-22
HUNT,-0.0,-0.0,38.0,5.7,65.0,9.4,15.0,2.3,762.0,54.9,0,0,12
AMO Coin,-0.0,-0.0,-21.0,-3.3,-69.0,-11.6,-241.0,-56.7,-307.0,-85.5,-105.0,-18.7,-29
Aavegotchi,-0.0,-0.0,-111.0,-21.1,-152.0,-31.3,-127.0,-24.9,0,0,0,0,-12
pNetwork,-0.0,-0.0,-38.0,-6.2,-66.0,-11.3,-156.0,-31.6,-435.0,-203.3,0,0,-42
PlayChip,-0.0,-0.0,-179.0,-29.4,-250.0,-46.6,-36.0,-4.8,-239.0,-43.6,-429.0,-119.8,-40
GoChain,-0.0,-0.0,-16.0,-2.6,-33.0,-5.4,-37.0,-6.1,-227.0,-54.6,-427.0,-197.7,-44
Egoras Dollar,-0.0,-0.0,89.0,12.3,-54.0,-9.3,798.0,55.8,680.0,51.8,0,0,18
TenX,-0.0,-0.0,-92.0,-15.5,-83.0,-13.7,-137.0,-24.9,-205.0,-42.5,-280.0,-68.8,-27
Kryll,-0.0,-0.0,41.0,5.8,53.0,7.3,127.0,15.9,44.0,6.1,115.0,14.6,8
AppCoins,-0.0,-0.0,28.0,4.1,32.0,4.7,-110.0,-20.2,4.0,0.6,-88.0,-15.5,-4
Kcash,-0.0,-0.0,-27.0,-4.4,-52.0,-8.9,-259.0,-68.7,-48.0,-8.2,-5.0,-0.8,-15
Atari Token,-0.0,-0.0,-64.0,-10.5,-36.0,-5.6,0,0,0,0,0,0,-2
Wagerr,-0.0,-0.0,58.0,7.7,62.0,8.2,-105.0,-17.9,-145.0,-26.6,-377.0,-120.1,-24
High Performance Blockchain,-0.0,-0.0,-74.0,-12.2,-17.0,-2.6,-136.0,-25.0,-163.0,-31.5,-180.0,-36.0,-17
LockTrip,-0.0,-0.0,-38.0,-6.6,-19.0,-3.2,34.0,5.2,-27.0,-4.6,-257.0,-71.4,-13
Wabi,-0.0,-0.0,21.0,3.1,3.0,0.4,-112.0,-20.3,-198.0,-42.4,-333.0,-100.3,-26
CyberMiles,-0.0,-0.0,38.0,5.7,36.0,5.4,-27.0,-4.5,-174.0,-38.3,-313.0,-99.4,-21
Clams,-0.0,-0.0,102.0,12.6,-1.0,-0.1,-98.0,-16.1,-268.0,-60.9,57.0,7.5,-9
GameCredits,-0.0,-0.0,-93.0,-14.5,-92.0,-14.3,-75.0,-11.3,-197.0,-36.5,-100.0,-15.7,-15
Time New Bank,-0.0,-0.0,27.0,4.1,-32.0,-5.3,-46.0,-7.9,-143.0,-29.3,-202.0,-47.1,-14
VideoCoin,-0.0,-0.0,-78.0,-13.2,-121.0,-22.2,-70.0,-11.7,-299.0,-81.2,77.0,10.3,-19
MixMarvel,-0.0,-0.0,-56.0,-8.8,-75.0,-12.1,-196.0,-39.4,-179.0,-34.8,0,0,-15
Cobak Token,-0.0,-0.0,0,0,0,0,0,0,0,0,0,0,0
VITE,-0.0,-0.0,-4.0,-0.6,-14.0,-2.1,-146.0,-27.9,-249.0,-59.3,-213.0,-46.7,-22
DODO,-0.0,-0.0,187.0,23.9,341.0,36.4,0,0,0,0,0,0,10
Everex,-0.0,-0.0,-18.0,-2.7,-25.0,-3.7,-49.0,-7.6,-151.0,-27.8,-301.0,-76.4,-19
Atletico De Madrid Fan Token,-0.0,-0.0,-456.0,-160.6,-381.0,-106.1,0,0,0,0,0,0,-44
DSLA Protocol,-0.0,-0.0,-45.0,-6.9,-9.0,-1.3,490.0,41.4,0,0,0,0,5
Content Value Network,-0.0,-0.0,11.0,1.6,-7.0,-1.0,-273.0,-66.7,-171.0,-33.5,-326.0,-91.6,-31
Seele-N,-0.0,-0.0,-83.0,-13.5,-117.0,-20.1,-287.0,-69.7,-410.0,-141.9,-624.0,-832.0,-179
QuickX Protocol,-0.0,-0.0,-121.0,-20.8,-133.0,-23.4,-210.0,-42.7,-153.0,-27.9,-39.0,-5.9,-20
BuySell,-0.0,-0.0,0,0,0,0,0,0,0,0,0,0,0
PumaPay,-0.0,-0.0,-253.0,-45.3,-178.0,-28.1,-246.0,-43.5,-178.0,-28.1,-331.0,-68.8,-35
Free Tool Box Coin,-0.0,-0.0,-228.0,-41.7,-242.0,-45.4,-75.0,-10.7,0,0,0,0,-16
Origin Dollar,-0.0,-0.0,0,0,0,0,0,0,0,0,0,0,0
APIX,-0.0,-0.0,-65.0,-10.0,-105.0,-17.3,-258.0,-56.8,-373.0,-110.0,0,0,-32
WePower,-0.0,-0.0,57.0,7.7,50.0,6.8,11.0,1.6,-76.0,-12.5,-182.0,-36.3,-5
Tokamak Network,-0.0,-0.0,-42.0,-6.4,-46.0,-7.1,0,0,0,0,0,0,-2
BLOCKv,-0.0,-0.0,-51.0,-7.6,-83.0,-12.9,3.0,0.4,-88.0,-13.8,-194.0,-36.6,-11
LUKSO,-0.0,-0.0,-25.0,-3.4,6.0,0.8,74.0,8.9,331.0,30.3,0,0,6
Quiztok,-0.0,-0.0,50.0,6.7,32.0,4.4,703.0,50.3,657.0,48.6,0,0,18
Lightning Bitcoin,-0.0,-0.0,91.0,11.1,73.0,9.1,-79.0,-12.1,-138.0,-23.3,-435.0,-147.0,-27
Aitra,-0.0,-0.0,0,0,0,0,0,0,0,0,0,0,0
Metrix Coin,-0.0,-0.0,-44.0,-6.3,67.0,8.3,-65.0,-9.7,-131.0,-21.6,-9.0,-1.2,-5
Dawn Protocol,-0.0,-0.0,-70.0,-11.0,-70.0,-11.0,-49.0,-7.5,-94.0,-15.4,0,0,-7
FOAM,-0.0,-0.0,-84.0,-14.0,79.0,10.4,-80.0,-13.3,-19.0,-2.9,-329.0,-92.9,-18
KARMA,-0.0,-0.0,411.0,28.4,5.0,0.5,-28.0,-2.8,-351.0,-51.2,362.0,25.9,0
Realio Network,-0.0,-0.0,-81.0,-12.4,-48.0,-7.0,-13.0,-1.8,-128.0,-21.2,0,0,-7
Particl,-0.0,-0.0,-44.0,-6.2,-80.0,-11.8,-71.0,-10.3,-220.0,-40.9,-379.0,-100.0,-28
Cryptocean,-0.0,-0.0,10.0,1.4,11.0,1.5,255.0,26.2,13.0,1.8,-31.0,-4.5,4
DragonVein,-0.0,-0.0,-114.0,-18.4,-95.0,-14.8,0,0,0,0,0,0,-5
Bread,-0.0,-0.0,3.0,0.4,-38.0,-5.5,-170.0,-30.5,-322.0,-79.5,-530.0,-269.0,-64
ILCOIN,-0.0,-0.0,-41.0,-6.0,-38.0,-5.5,-147.0,-25.3,-383.0,-110.7,-541.0,-287.8,-72
Burger Swap,-0.0,-0.0,0,0,0,0,0,0,0,0,0,0,0
Elamachain,-0.0,-0.0,-67.0,-9.8,-82.0,-12.3,-353.0,-89.4,-544.0,-266.7,-170.0,-29.4,-67
PCHAIN,-0.0,-0.0,-59.0,-8.8,-114.0,-18.5,-140.0,-23.7,15.0,2.0,32.0,4.2,-7
Blocery,-0.0,-0.0,87.0,10.4,129.0,14.7,660.0,46.9,0,0,0,0,12
Orient Walt,-0.0,-0.0,-124.0,-20.6,-92.0,-14.5,-114.0,-18.7,-510.0,-237.2,0,0,-48
OG Fan Token,-0.0,-0.0,-464.0,-131.1,-367.0,-81.4,0,0,0,0,0,0,-35
CUTcoin,-0.0,-0.0,-186.0,-29.9,-156.0,-23.9,-27.0,-3.5,-122.0,-17.8,-397.0,-96.4,-28
Voise,-0.0,-0.0,22.0,2.8,50.0,6.2,165.0,18.0,955.0,55.9,843.0,52.8,22
SmartCash,-0.0,-0.0,19.0,2.4,25.0,3.1,-86.0,-12.5,-152.0,-24.5,-303.0,-64.6,-16
LiteDoge,-0.0,-0.0,-0.0,-0.0,29.0,3.6,145.0,15.9,734.0,48.8,539.0,41.2,18
TrustVerse,-0.0,-0.0,-87.0,-14.1,-111.0,-18.7,-237.0,-50.5,-305.0,-76.1,-142.0,-25.2,-30
SunContract,-0.0,-0.0,39.0,5.0,2.0,0.3,18.0,2.4,-67.0,-9.9,-186.0,-33.4,-5
TokenClub,-0.0,-0.0,-26.0,-3.8,-52.0,-7.8,-48.0,-7.2,-39.0,-5.8,-274.0,-61.9,-14
Digital Asset Guarantee Token,-0.0,-0.0,93.0,11.4,113.0,13.6,179.0,19.9,-131.0,-22.2,-181.0,-33.6,-1
CasinoCoin,-0.0,-0.0,-316.0,-45.9,-362.0,-56.3,-651.0,-183.9,-744.0,-285.1,-860.0,-593.1,-194
Valobit,-0.0,-0.0,243.0,25.7,254.0,26.5,0,0,0,0,0,0,8
Grid+,-0.0,-0.0,-0.0,-0.0,-36.0,-5.4,-59.0,-9.2,-325.0,-86.0,-68.0,-10.7,-18
UniLend,-0.0,-0.0,-259.0,-43.6,-257.0,-43.1,118.0,12.2,0,0,0,0,-12
Nucleus Vision,-0.0,-0.0,85.0,10.7,20.0,2.7,57.0,7.4,29.0,3.9,-258.0,-56.7,-5
Mysterium,-0.0,-0.0,-23.0,-2.9,46.0,5.3,78.0,8.7,-23.0,-2.9,-18.0,-2.2,0
STATERA,-0.0,-0.0,143.0,22.0,60.0,10.6,85.0,14.4,0,0,0,0,7
Level01,-0.0,-0.0,-108.0,-17.5,-132.0,-22.2,-289.0,-66.1,-501.0,-222.7,0,0,-54
Achain,-0.0,-0.0,10.0,1.4,-29.0,-4.2,-148.0,-25.7,-224.0,-44.9,-317.0,-78.1,-25
nDEX,-0.0,-0.0,-7.0,-0.7,20.0,1.9,125.0,10.9,876.0,46.2,759.0,42.6,16
AS Roma Fan Token,-0.0,-0.0,-513.0,-166.0,-438.0,-114.1,0,0,0,0,0,0,-46
42-coin,-0.0,-0.0,65.0,7.8,95.0,11.0,198.0,20.5,193.0,20.0,176.0,18.6,12
Diamond,-0.0,-0.0,-73.0,-10.4,-62.0,-8.7,32.0,4.0,173.0,18.2,-43.0,-5.9,0
APY.Finance,-0.0,-0.0,1431.0,66.5,1431.0,66.5,0,0,0,0,0,0,22
FIO Protocol,-0.0,-0.0,210.0,30.0,178.0,26.6,25.0,4.8,0,0,0,0,10
Eminer,-0.0,-0.0,-71.0,-11.3,-46.0,-7.0,-34.0,-5.1,-148.0,-26.8,-72.0,-11.5,-10
Propy,-0.0,-0.0,-34.0,-4.7,-77.0,-11.4,-122.0,-19.3,-302.0,-66.8,-248.0,-49.0,-25
Nestree,-0.0,-0.0,-52.0,-7.6,-95.0,-14.9,-230.0,-45.6,-275.0,-59.9,63.0,7.9,-20
Hakka.Finance,-0.0,-0.0,104.0,14.3,-5.0,-0.8,243.0,28.1,0,0,0,0,6
Newton,-0.0,-0.0,-7.0,-1.0,-21.0,-2.9,-162.0,-28.0,-359.0,-94.0,-492.0,-197.6,-53
Carboncoin,-0.0,-0.0,19.0,2.4,43.0,5.3,161.0,17.2,863.0,52.8,707.0,47.8,20
TriumphX,-0.0,-0.0,-234.0,-45.3,-511.0,-213.8,0,0,0,0,0,0,-43
POA,-0.0,-0.0,-3.0,-0.4,1.0,0.1,-60.0,-8.8,-86.0,-13.1,-143.0,-23.9,-7
VeriBlock,-0.0,-0.0,-80.0,-11.2,-32.0,-4.2,-9.0,-1.1,-61.0,-8.3,-220.0,-38.1,-10
1SG,-0.0,-0.0,-0.0,-0.0,41.0,7.9,144.0,23.0,-39.0,-8.8,318.0,39.8,10
Mobius,-0.0,-0.0,126.0,14.3,115.0,13.2,68.0,8.3,22.0,2.8,-167.0,-28.4,1
Litecoin Cash,-0.0,-0.0,87.0,9.4,128.0,13.3,197.0,19.1,-89.0,-11.9,-330.0,-65.1,-5
LiquidApps,-0.0,-0.0,-96.0,-14.8,-122.0,-19.6,-287.0,-62.7,-354.0,-90.5,-437.0,-141.9,-54
Safe Haven,-0.0,-0.0,-95.0,-13.6,-77.0,-10.8,-215.0,-37.2,-163.0,-25.9,75.0,8.6,-13
ZIMBOCASH,-0.0,-0.0,-177.0,-28.0,-183.0,-29.2,30.0,3.6,-63.0,-8.4,0,0,-10
T.OS,-0.0,-0.0,-70.0,-9.1,-122.0,-17.1,-203.0,-32.1,-276.0,-49.3,-331.0,-65.5,-28
PowerTrade Fuel,-0.0,-0.0,0,0,0,0,0,0,0,0,0,0,0
DigitalNote,-0.0,-0.0,-206.0,-28.5,-173.0,-22.9,-323.0,-53.2,-197.0,-26.9,-473.0,-103.5,-39
INLOCK,-0.0,-0.0,-66.0,-10.1,-24.0,-3.5,65.0,8.3,51.0,6.6,-136.0,-23.3,-3
Cryptopay,-0.0,-0.0,31.0,3.9,27.0,3.4,69.0,8.4,61.0,7.5,-2.0,-0.3,3
Unitrade,-0.0,-0.0,66.0,7.8,14.0,1.8,-275.0,-53.9,0,0,0,0,-7
Tokenomy,-0.0,-0.0,-61.0,-8.6,-20.0,-2.7,-187.0,-32.2,-172.0,-28.9,-368.0,-92.2,-27
ForTube,-0.0,-0.0,-30.0,-4.6,-71.0,-11.7,-211.0,-45.4,-273.0,-67.7,-353.0,-109.3,-39
TOP,-0.0,-0.0,-60.0,-8.6,-58.0,-8.3,-194.0,-34.5,-328.0,-76.6,-361.0,-91.4,-36
BIZZCOIN,-0.0,-0.0,28.0,3.6,45.0,5.7,11.0,1.4,107.0,12.5,0,0,3
Nexty,-0.0,-0.0,460.0,38.7,504.0,40.9,342.0,32.0,-102.0,-16.3,88.0,10.8,17
Folgory Coin,-0.0,-0.0,-336.0,-68.4,-391.0,-89.7,-393.0,-90.6,-584.0,-240.3,-785.0,-1869.0,-393
USDQ,-0.0,-0.0,-53.0,-7.4,-29.0,-3.9,-122.0,-18.8,-88.0,-12.9,-361.0,-88.0,-21
ELYSIA,-0.0,-0.0,-48.0,-7.1,-109.0,-17.8,0,0,0,0,0,0,-4
88mph,-0.0,-0.0,374.0,43.3,293.0,37.4,0,0,0,0,0,0,13
FREE Coin,-0.0,-0.0,230.0,19.8,240.0,20.5,270.0,22.5,116.0,11.1,-19.0,-2.1,11
TRONCLASSIC,-0.0,-0.0,124.0,14.5,169.0,18.8,217.0,22.9,248.0,25.3,1013.0,58.1,23
Pillar,-0.0,-0.0,-41.0,-5.3,-12.0,-1.5,-67.0,-9.0,-288.0,-54.8,-384.0,-89.3,-26
Minter Network,-0.0,-0.0,21.0,2.8,4.0,0.5,-243.0,-49.2,-362.0,-96.5,0,0,-23
BackPacker Coin,-0.0,-0.0,-117.0,-16.5,-125.0,-17.9,-176.0,-27.2,-232.0,-39.2,0,0,-16
DOS Network,-0.0,-0.0,-35.0,-6.1,-90.0,-17.3,-77.0,-14.4,-56.0,-10.1,249.0,29.0,-3
Covesting,-0.0,-0.0,-91.0,-13.6,-100.0,-15.2,-223.0,-41.5,-193.0,-34.0,24.0,3.1,-16
ProximaX,-0.0,-0.0,55.0,6.6,-147.0,-23.1,-287.0,-57.7,-263.0,-50.5,-419.0,-114.8,-39
Monero Classic,-0.0,-0.0,2.0,0.3,-33.0,-4.5,74.0,8.8,-230.0,-43.2,-332.0,-77.0,-19
Hedget,-0.0,-0.0,97.0,11.3,126.0,14.1,0,0,0,0,0,0,4
YIELD App,-0.0,-0.0,0,0,0,0,0,0,0,0,0,0,0
BitMart Token,-0.0,-0.0,-80.0,-10.9,-131.0,-19.3,-73.0,-9.9,-65.0,-8.7,-243.0,-42.8,-15
KIMCHI.finance,-0.0,-0.0,819.0,47.2,802.0,46.6,579.0,38.7,0,0,0,0,22
StakeCubeCoin,-0.0,-0.0,-48.0,-6.1,-51.0,-6.5,-91.0,-12.3,-267.0,-47.3,198.0,19.2,-8
TEMCO,-0.0,-0.0,-34.0,-4.4,-86.0,-12.0,39.0,4.6,261.0,24.5,-2.0,-0.2,2
United Traders Token,-0.0,-0.0,6.0,0.7,-30.0,-3.9,-99.0,-14.1,-241.0,-43.0,-461.0,-135.2,-32
FLETA,-0.0,-0.0,-66.0,-8.7,-98.0,-13.5,-260.0,-46.0,-367.0,-80.1,-327.0,-65.7,-35
Smartlands Network,-0.0,-0.0,280.0,25.5,276.0,25.2,378.0,31.6,219.0,21.1,102.0,11.1,19
Mirrored Tesla,-0.0,-0.0,4.0,0.5,-6.0,-0.8,0,0,0,0,0,0,0
Precium,-0.0,-0.0,-90.0,-13.3,-179.0,-30.3,-307.0,-66.5,-32.0,-4.3,0,0,-19
Smart MFG,-0.0,-0.0,84.0,8.6,59.0,6.2,246.0,21.7,-27.0,-3.1,425.0,32.3,10
ZEON,-0.0,-0.0,-51.0,-6.8,54.0,6.4,-180.0,-29.2,-416.0,-109.5,-220.0,-38.2,-29
UCA Coin,-0.0,-0.0,-53.0,-7.0,-76.0,-10.4,-164.0,-25.5,102.0,11.2,0,0,-5
Mirrored Apple,-0.0,-0.0,-46.0,-6.2,-37.0,-4.9,0,0,0,0,0,0,-1
ColossusXT,-0.0,-0.0,182.0,21.4,219.0,24.6,120.0,15.2,24.0,3.5,-107.0,-19.0,7
Wootrade,-0.0,-0.0,-57.0,-8.0,-92.0,-13.6,0,0,0,0,0,0,-3
suterusu,-0.0,-0.0,-36.0,-5.0,-66.0,-9.6,-98.0,-15.0,-283.0,-60.3,112.0,13.0,-12
Dollars,-0.0,-0.0,42.0,4.9,0,0,0,0,0,0,0,0,0
LGO Token,-0.0,-0.0,475.0,39.0,477.0,39.1,285.0,27.7,-345.0,-86.5,-345.0,-86.5,-11
Esportbits,-0.0,-0.0,143.0,15.0,-199.0,-32.4,75.0,8.4,10.0,1.2,-254.0,-45.4,-8
Fatcoin,-0.0,-0.0,-43.0,-5.4,14.0,1.7,30.0,3.5,71.0,7.9,-168.0,-25.3,-2
ROOBEE,-0.0,-0.0,-11.0,-1.4,-10.0,-1.3,-250.0,-45.6,-284.0,-55.3,-189.0,-31.0,-22
DAOstack,-0.0,-0.0,-188.0,-26.1,-168.0,-22.7,-299.0,-49.2,-468.0,-106.6,-502.0,-124.0,-54
Zano,-0.0,-0.0,-35.0,-4.2,31.0,3.5,-223.0,-34.9,-389.0,-82.2,0,0,-19
Valor Token,-0.0,-0.0,-64.0,-8.1,-122.0,-16.6,-254.0,-42.1,-355.0,-70.6,-395.0,-85.3,-37
Cardstack,-0.0,-0.0,91.0,10.3,109.0,12.1,53.0,6.2,37.0,4.4,138.0,14.8,7
NAGA,-0.0,-0.0,-121.0,-17.3,-77.0,-10.3,-266.0,-47.9,-54.0,-7.0,-101.0,-14.0,-16
Bibox Token,-0.0,-0.0,-36.0,-4.8,-71.0,-10.0,-108.0,-16.1,-297.0,-61.5,-510.0,-188.9,-46
Burst,-0.0,-0.0,229.0,23.4,20.0,2.6,-21.0,-2.9,-307.0,-69.1,-402.0,-115.2,-26
Feathercoin,-0.0,-0.0,-48.0,-5.9,-59.0,-7.4,52.0,5.7,-79.0,-10.2,-226.0,-35.9,-8
Beefy.Finance,-0.0,-0.0,102.0,14.9,154.0,20.9,0,0,0,0,0,0,5
YOYOW,-0.0,-0.0,-85.0,-12.1,-64.0,-8.8,6.0,0.8,-157.0,-24.8,-349.0,-79.1,-20
CanonChain,-0.0,-0.0,374.0,29.1,413.0,31.2,357.0,28.2,-231.0,-34.0,-197.0,-27.6,4
Dentacoin,-0.0,-0.0,-299.0,-54.8,-132.0,-18.5,-2.0,-0.2,-144.0,-20.5,-673.0,-391.3,-80
Constant,-0.0,-0.0,-0.0,-0.0,42.0,4.5,90.0,9.1,-111.0,-14.1,-292.0,-48.0,-8
JustLiquidity,-0.0,-0.0,-185.0,-31.0,113.0,12.6,-338.0,-76.3,0,0,0,0,-15
Darwinia Commitment Token,-0.0,-0.0,0,0,0,0,0,0,0,0,0,0,0
FABRK,-0.0,-0.0,-80.0,-10.7,-90.0,-12.2,-562.0,-209.7,-632.0,-319.2,-746.0,-888.1,-239
DEAPcoin,-0.0,-0.0,-76.0,-9.9,-80.0,-10.5,-185.0,-28.2,-324.0,-62.8,0,0,-18
Idle,-0.0,-0.0,155.0,16.6,62.0,7.4,0,0,0,0,0,0,4
EUNO,-0.0,-0.0,-241.0,-40.8,-214.0,-34.7,1089.0,56.7,192.0,18.8,451.0,35.2,5
Santiment Network Token,-0.0,-0.0,-128.0,-18.0,-142.0,-20.4,-327.0,-63.9,-375.0,-80.8,-592.0,-239.7,-70
Humanscape,-0.0,-0.0,233.0,24.6,253.0,26.1,288.0,28.7,183.0,20.4,-113.0,-18.8,13
dForce USDx,-0.0,-0.0,-121.0,-16.0,-126.0,-16.8,-120.0,-15.9,-84.0,-10.6,-270.0,-44.6,-17
Crust,-0.0,-0.0,157.0,18.9,167.0,19.8,-7.0,-1.0,0,0,0,0,6
TE-FOOD,-0.0,-0.0,-123.0,-15.6,-140.0,-18.2,-342.0,-60.3,-274.0,-43.1,-395.0,-76.8,-35
Pluton,-0.0,-0.0,-78.0,-9.6,-96.0,-12.1,-223.0,-33.6,-364.0,-69.6,-82.0,-10.2,-22
VIBE,-0.0,-0.0,13.0,1.6,26.0,3.2,-23.0,-3.0,-142.0,-22.0,-263.0,-50.1,-11
Blox,-0.0,-0.0,10.0,1.3,11.0,1.4,-36.0,-4.8,-165.0,-26.9,-296.0,-61.3,-15
BnkToTheFuture,-0.0,-0.0,-141.0,-19.9,-200.0,-30.7,-257.0,-43.3,-296.0,-53.3,-545.0,-178.1,-54
Lynx,-0.0,-0.0,470.0,54.8,491.0,55.9,539.0,58.1,270.0,41.0,270.0,41.0,41
Abyss,-0.0,-0.0,54.0,5.9,48.0,5.2,-120.0,-16.0,-16.0,-1.9,-169.0,-24.1,-5
Alpha Quark Token,-0.0,-0.0,110.0,12.0,74.0,8.4,0,0,0,0,0,0,3
apM Coin,-0.0,-0.0,-95.0,-12.6,-158.0,-23.0,-680.0,-409.6,4.0,0.5,0,0,-74
Agrello,-0.0,-0.0,-43.0,-5.4,-17.0,-2.1,-28.0,-3.4,-151.0,-21.9,-315.0,-59.8,-15
MIR COIN,-0.0,-0.0,-85.0,-11.1,-81.0,-10.6,-253.0,-42.5,-164.0,-24.0,-165.0,-24.2,-18
Ternio,-0.0,-0.0,-43.0,-5.2,-71.0,-9.0,-158.0,-22.4,-207.0,-31.5,-270.0,-45.5,-18
MB8 Coin,-0.0,-0.0,-2.0,-0.2,35.0,3.8,147.0,14.3,202.0,18.7,-208.0,-31.0,0
MicroBitcoin,-0.0,-0.0,166.0,23.3,86.0,13.6,346.0,38.8,-147.0,-36.8,-248.0,-83.2,-7
GAPS,-0.0,-0.0,-149.0,-21.0,-161.0,-23.1,-22.0,-2.6,-255.0,-42.4,-767.0,-852.2,-156
Neumark,-0.0,-0.0,-101.0,-13.0,-106.0,-13.7,-153.0,-21.1,-278.0,-46.3,-462.0,-110.8,-34
Global Cryptocurrency,-0.0,-0.0,-348.0,-51.5,-318.0,-45.0,-314.0,-44.2,-396.0,-63.1,-421.0,-69.8,-45
BTSE,-0.0,-0.0,99.0,11.1,-90.0,-12.8,-315.0,-65.8,-318.0,-66.8,0,0,-22
HOLD,-0.0,-0.0,123.0,13.2,160.0,16.6,217.0,21.2,940.0,53.8,564.0,41.2,24
Tixl [NEW],-0.0,-0.0,0,0,0,0,0,0,0,0,0,0,0
CryptoPing,-0.0,-0.0,-9.0,-1.1,50.0,5.9,71.0,8.1,608.0,43.1,806.0,50.1,17
inSure,-0.0,-0.0,-180.0,-61.6,143.0,23.3,137.0,22.5,-218.0,-85.8,1435.0,75.2,-4
Noku,-0.0,-0.0,103.0,11.1,133.0,13.8,24.0,2.8,216.0,20.7,214.0,20.5,11
Geeq,-0.0,-0.0,217.0,21.7,197.0,20.1,206.0,20.8,0,0,0,0,10
bitCNY,-0.0,-0.0,-85.0,-10.9,-90.0,-11.6,-147.0,-20.5,-213.0,-32.7,-487.0,-128.8,-34
Tixl [old],-0.0,-0.0,-921.0,-7675.0,-917.0,-5731.2,-477.0,-104.6,-73.0,-8.5,-221.0,-31.0,-2258
RING X PLATFORM,-0.0,-0.0,-120.0,-15.9,-175.0,-24.9,-114.0,-14.9,0,0,0,0,-9
Digix Gold Token,-0.0,-0.0,-37.0,-4.4,-122.0,-16.0,-247.0,-38.7,-355.0,-67.0,-496.0,-127.5,-42
Etheroll,-0.0,-0.0,145.0,15.8,118.0,13.2,3.0,0.4,-101.0,-15.0,-119.0,-18.2,0
PolySwarm,-0.0,-0.0,103.0,11.0,153.0,15.5,-125.0,-17.6,-43.0,-5.4,-236.0,-39.5,-6
DeFi Yield Protocol,-0.0,-0.0,0,0,0,0,0,0,0,0,0,0,0
DATA,-0.0,-0.0,-48.0,-6.0,-96.0,-12.7,-97.0,-12.9,-139.0,-19.5,-270.0,-46.6,-16
NuBits,-0.0,-0.0,-142.0,-18.6,-2.0,-0.2,-115.0,-14.6,-19.0,-2.1,66.0,6.8,-4
BitGreen,-0.0,-0.0,-29.0,-3.5,-32.0,-3.9,231.0,21.1,-167.0,-24.0,-86.0,-11.1,-3
IoT Chain,-0.0,-0.0,18.0,2.1,-15.0,-1.8,-302.0,-57.6,-424.0,-105.5,-507.0,-158.9,-53
Penta,-0.0,-0.0,-462.0,-232.2,-464.0,-235.5,500.0,43.1,232.0,26.0,117.0,15.0,-63
Aragon Court,-0.0,-0.0,22.0,2.6,60.0,6.8,-100.0,-14.0,0,0,0,0,0
AIDUS TOKEN,-0.0,-0.0,-19.0,-2.2,-15.0,-1.7,-108.0,-14.0,163.0,15.6,41.0,4.4,0
Jibrel Network,-0.0,-0.0,259.0,25.4,222.0,22.6,-37.0,-5.1,-158.0,-26.2,-293.0,-62.6,-7
Spectre.ai Dividend Token,-0.0,-0.0,-327.0,-56.8,-303.0,-50.5,-342.0,-61.0,-485.0,-116.0,-665.0,-279.4,-93
Lamden,-0.0,-0.0,-93.0,-11.4,-76.0,-9.1,-228.0,-33.3,-215.0,-30.8,-426.0,-87.7,-28
ScPrime,-0.0,-0.0,-51.0,-5.5,-36.0,-3.8,-14.0,-1.5,0,0,0,0,-1
All Sports,-0.0,-0.0,-42.0,-5.1,-83.0,-10.7,-172.0,-25.0,-285.0,-49.6,-435.0,-102.4,-32
Quasarcoin,-0.0,-0.0,110.0,10.3,344.0,26.4,561.0,36.9,584.0,37.8,3.0,0.3,18
GET Protocol,-0.0,-0.0,-60.0,-7.3,-55.0,-6.6,-88.0,-11.1,-181.0,-25.8,-380.0,-75.5,-21
Trittium,-0.0,-0.0,-7.0,-0.8,90.0,9.4,686.0,44.2,379.0,30.4,296.0,25.5,18
Qubitica,-0.0,-0.0,164.0,15.5,344.0,27.8,-70.0,-8.5,-652.0,-269.4,-710.0,-385.9,-103
Swerve,-0.0,-0.0,131.0,15.8,58.0,7.7,-8.0,-1.2,0,0,0,0,3
carVertical,-0.0,-0.0,234.0,20.3,151.0,14.1,118.0,11.4,-70.0,-8.2,-71.0,-8.4,4
DECOIN,-0.0,-0.0,-152.0,-19.2,-138.0,-17.1,-28.0,-3.1,118.0,11.1,-68.0,-7.8,-6
Multiplier,-0.0,-0.0,-34.0,-4.2,-11.0,-1.3,0,0,0,0,0,0,0
Nexxo,-0.0,-0.0,-215.0,-33.4,487.0,36.2,-358.0,-71.5,333.0,27.9,428.0,33.3,-1
HYCON,-0.0,-0.0,-19.0,-2.1,-57.0,-6.4,-344.0,-57.3,-465.0,-97.1,-409.0,-76.4,-39
BitCore,-0.0,-0.0,47.0,5.1,63.0,6.7,-137.0,-18.4,-189.0,-27.3,-244.0,-38.3,-12
SynLev,-0.0,-0.0,-169.0,-24.4,-239.0,-38.4,0,0,0,0,0,0,-10
Phantasma,-0.0,-0.0,115.0,14.1,81.0,10.4,28.0,3.8,7.0,1.0,55.0,7.3,6
Safe,-0.0,-0.0,-103.0,-13.4,-148.0,-20.5,-237.0,-37.4,-416.0,-91.4,-474.0,-119.4,-47
Insights Network,-0.0,-0.0,-265.0,-40.2,-282.0,-43.9,-457.0,-97.9,-396.0,-75.0,-294.0,-46.7,-50
Callisto Network,-0.0,-0.0,-161.0,-21.9,-121.0,-15.6,273.0,23.3,-73.0,-8.9,-172.0,-23.7,-7
Mettalex,-0.0,-0.0,150.0,15.1,190.0,18.4,0,0,0,0,0,0,5
qiibee,-0.0,-0.0,-268.0,-35.2,-294.0,-40.0,-316.0,-44.3,-412.0,-66.8,-77.0,-8.1,-32
BOLT,-0.0,-0.0,17.0,1.8,95.0,9.4,-34.0,-3.8,-78.0,-9.3,-296.0,-47.5,-8
Viberate,-0.0,-0.0,-24.0,-2.8,-38.0,-4.5,-53.0,-6.3,-177.0,-24.8,-374.0,-72.3,-18
ODEM,-0.0,-0.0,-38.0,-4.5,71.0,7.4,-242.0,-37.7,-362.0,-69.3,-617.0,-231.1,-55
fyeth.finance,-0.0,-0.0,0,0,0,0,0,0,0,0,0,0,0
Alchemy Pay,-0.0,-0.0,1.0,0.1,-24.0,-2.8,-385.0,-78.9,0,0,0,0,-13
Swingby,-0.0,-0.0,-188.0,-27.4,-264.0,-43.2,226.0,20.5,0,0,0,0,-8
Idena,-0.0,-0.0,-13.0,-1.4,-32.0,-3.5,-156.0,-19.8,0,0,0,0,-4
Qredit,-0.0,-0.0,113.0,11.5,793.0,47.7,707.0,44.9,546.0,38.6,296.0,25.4,28
Diamond Platform Token,-0.0,-0.0,342.0,28.8,221.0,20.7,-226.0,-36.4,-346.0,-69.1,-627.0,-285.0,-56
Monetha,-0.0,-0.0,13.0,1.4,16.0,1.8,-74.0,-9.0,-183.0,-25.8,-389.0,-77.2,-18
Block-Chain.com,-0.0,-0.0,90.0,9.1,-146.0,-19.4,-68.0,-8.2,126.0,12.3,-22.0,-2.5,-1
VeriDocGlobal,-0.0,-0.0,120.0,12.6,-10.0,-1.2,216.0,20.7,-109.0,-15.1,-349.0,-72.7,-9
QLC Chain,-0.0,-0.0,-43.0,-5.1,-69.0,-8.4,-156.0,-21.2,-339.0,-61.3,-342.0,-62.2,-26
SENSO,-0.0,-0.0,-75.0,-9.0,-90.0,-11.0,-120.0,-15.3,0,0,0,0,-5
Asian Fintech,-0.0,-0.0,206.0,17.7,186.0,16.2,88.0,8.4,180.0,15.8,-294.0,-44.1,2
BlockStamp,-0.0,-0.0,-207.0,-29.6,-235.0,-35.0,29.0,3.1,-71.0,-8.5,-679.0,-299.1,-61
BaaSid,-0.0,-0.0,-266.0,-42.9,-169.0,-23.6,-219.0,-32.8,-106.0,-13.6,-422.0,-90.9,-33
Myriad,-0.0,-0.0,-58.0,-6.8,-98.0,-12.1,-39.0,-4.5,-88.0,-10.7,-214.0,-30.8,-10
KuboCoin,-0.0,-0.0,35.0,3.2,62.0,5.5,148.0,12.1,307.0,22.3,111.0,9.4,8
Midas,-0.0,-0.0,-160.0,-19.3,-150.0,-17.8,15.0,1.5,-153.0,-18.3,0,0,-8
PotCoin,-0.0,-0.0,70.0,7.3,151.0,14.5,153.0,14.7,-12.0,-1.4,-156.0,-21.3,2
Graviocoin,-0.0,-0.0,-132.0,-15.7,-159.0,-19.6,1039.0,51.7,321.0,24.8,112.0,10.3,8
iEthereum,-0.0,-0.0,-0.0,-0.0,31.0,3.1,132.0,12.1,-17.0,-1.8,95.0,9.0,3
SIX,-0.0,-0.0,135.0,12.9,69.0,7.0,-1.0,-0.1,-301.0,-49.2,-429.0,-88.6,-19
ToaCoin,-0.0,-0.0,-2.0,-0.2,29.0,2.9,130.0,11.9,91.0,8.6,149.0,13.4,6
SONM,-0.0,-0.0,-37.0,-4.2,-51.0,-5.9,-102.0,-12.6,-191.0,-26.4,-440.0,-92.8,-23
Credits,-0.0,-0.0,-179.0,-22.4,-147.0,-17.7,-240.0,-32.5,-421.0,-75.4,-700.0,-250.9,-66
Mirrored Invesco QQQ Trust,-0.0,-0.0,-13.0,-1.5,-14.0,-1.6,0,0,0,0,0,0,0
Aeon,-0.0,-0.0,-105.0,-12.5,-180.0,-23.5,-327.0,-52.8,-378.0,-66.5,-319.0,-50.9,-34
Rubycoin,-0.0,-0.0,155.0,17.2,126.0,14.4,251.0,25.2,271.0,26.6,49.0,6.2,14
e-Gulden,-0.0,-0.0,-151.0,-18.5,-37.0,-4.0,37.0,3.7,33.0,3.3,-143.0,-17.3,-5
Effect.AI,-0.0,-0.0,-47.0,-6.4,-54.0,-7.5,-222.0,-40.1,-256.0,-49.2,-45.0,-6.2,-18
ZumCoin,-0.0,-0.0,13.0,0.9,-89.0,-6.7,-330.0,-30.4,-498.0,-54.3,-537.0,-61.2,-25
Mirrored Microsoft,-0.0,-0.0,-36.0,-4.1,-37.0,-4.2,0,0,0,0,0,0,-1
Amon,-0.0,-0.0,-249.0,-32.3,-52.0,-5.4,108.0,9.6,72.0,6.6,-38.0,-3.9,-4
CPChain,-0.0,-0.0,80.0,7.9,-11.0,-1.2,157.0,14.5,119.0,11.4,-191.0,-26.0,1
OneRoot Network,-0.0,-0.0,-28.0,-3.1,-75.0,-8.8,-237.0,-34.1,-160.0,-20.8,-312.0,-50.4,-19
SwftCoin,-0.0,-0.0,12.0,1.3,-44.0,-5.2,-180.0,-25.2,-251.0,-39.0,-428.0,-91.6,-26
Dune Network,-0.0,-0.0,-199.0,-24.0,-371.0,-56.5,-470.0,-84.2,-496.0,-93.2,0,0,-42
Mirrored Amazon,-0.0,-0.0,-37.0,-4.2,-30.0,-3.4,0,0,0,0,0,0,-1
Earneo,-0.0,-0.0,213.0,17.8,-49.0,-5.3,-191.0,-24.1,368.0,27.3,442.0,31.0,7
DeepOnion,-0.0,-0.0,35.0,3.6,50.0,5.1,145.0,13.4,145.0,13.4,-246.0,-35.7,0
Game.com,-0.0,-0.0,-96.0,-11.4,-114.0,-13.8,-230.0,-32.5,-521.0,-124.9,-391.0,-71.5,-42
Rupiah Token,-0.0,-0.0,-74.0,-8.2,-82.0,-9.2,-128.0,-15.1,-204.0,-26.4,442.0,31.1,-4
Nsure.Network,-0.0,-0.0,12.0,1.4,3.0,0.3,0,0,0,0,0,0,0
Jobchain,-0.0,-0.0,-137.0,-18.6,-87.0,-11.1,503.0,36.6,197.0,18.4,790.0,47.5,12
HalalChain,-0.0,-0.0,-219.0,-27.0,-251.0,-32.2,-61.0,-6.3,91.0,8.1,-216.0,-26.5,-13
Mirrored iShares Gold Trust,-0.0,-0.0,16.0,1.7,20.0,2.1,0,0,0,0,0,0,0
SOMESING,-0.0,-0.0,-67.0,-7.8,-100.0,-12.2,0,0,0,0,0,0,-3
NFX Coin,-0.0,-0.0,304.0,24.7,385.0,29.3,438.0,32.0,674.0,42.0,0,0,21
SingularDTV,-0.0,-0.0,46.0,4.8,30.0,3.2,-114.0,-14.2,-323.0,-54.4,-435.0,-90.2,-25
Phore,-0.0,-0.0,-79.0,-8.8,-140.0,-16.8,-258.0,-36.0,-360.0,-58.5,-206.0,-26.8,-24
Bezant,-0.0,-0.0,-168.0,-20.9,-210.0,-27.6,-349.0,-56.1,-391.0,-67.4,-453.0,-87.5,-43
SonoCoin,-0.0,-0.0,-92.0,-10.6,-110.0,-13.0,-190.0,-24.7,-333.0,-53.3,0,0,-16
Casino Betting Coin,-0.0,-0.0,-123.0,-15.1,-115.0,-14.0,-358.0,-62.0,-128.0,-15.9,-274.0,-41.5,-24
Bitrue Coin,-0.0,-0.0,-114.0,-13.1,-73.0,-8.0,-214.0,-27.7,-326.0,-49.3,-511.0,-107.4,-34
Lykke,-0.0,-0.0,-92.0,-10.7,-65.0,-7.4,-110.0,-13.1,-254.0,-36.5,-357.0,-60.3,-21
Ormeus Ecosystem,-0.0,-0.0,-109.0,-11.4,-156.0,-17.2,-332.0,-45.4,0,0,0,0,-12
Qitmeer,-0.0,-0.0,-143.0,-16.9,-214.0,-27.6,-202.0,-25.7,0,0,0,0,-11
Counterparty,-0.0,-0.0,-9.0,-1.0,-28.0,-3.2,-92.0,-11.4,-121.0,-15.6,-384.0,-75.0,-17
Verasity,-0.0,-0.0,70.0,6.6,27.0,2.7,-95.0,-10.6,-265.0,-36.6,-237.0,-31.5,-11
VNT Chain,-0.0,-0.0,-79.0,-8.6,-91.0,-10.1,-129.0,-14.9,-225.0,-29.3,-524.0,-111.5,-29
XMax,-0.0,-0.0,-54.0,-6.0,-117.0,-14.0,-214.0,-29.0,-498.0,-109.9,-737.0,-344.4,-83
YOU COIN,-0.0,-0.0,-39.0,-4.3,-35.0,-3.8,-149.0,-18.7,-407.0,-75.4,-714.0,-306.4,-68
Flash,-0.0,-0.0,-105.0,-14.1,-114.0,-15.4,-110.0,-14.8,-175.0,-25.8,-279.0,-48.7,-19
Mirrored United States Oil Fund,-0.0,-0.0,35.0,3.6,35.0,3.6,0,0,0,0,0,0,1
TronEuropeRewardCoin,-0.0,-0.0,-138.0,-16.7,-151.0,-18.6,-218.0,-29.3,0,0,0,0,-10
GeoDB,-0.0,-0.0,101.0,10.7,55.0,6.1,-109.0,-14.9,-205.0,-32.1,0,0,-5
Mirrored Alibaba,-0.0,-0.0,-46.0,-5.1,-34.0,-3.7,0,0,0,0,0,0,-1
SmartMesh,-0.0,-0.0,21.0,2.3,-28.0,-3.2,-177.0,-24.5,-280.0,-45.2,-450.0,-100.2,-28
Mirrored iShares Silver Trust,-0.0,-0.0,18.0,1.9,8.0,0.8,0,0,0,0,0,0,0
MediShares,-0.0,-0.0,-11.0,-1.2,-71.0,-8.3,-159.0,-20.7,-254.0,-37.7,-315.0,-51.4,-19
Swace,-0.0,-0.0,-42.0,-4.7,-56.0,-6.4,-41.0,-4.6,171.0,15.5,-236.0,-33.8,-5
TERA,-0.0,-0.0,-251.0,-33.3,-296.0,-41.8,-128.0,-14.6,-196.0,-24.3,-392.0,-64.1,-29
Shift,-0.0,-0.0,68.0,7.7,98.0,10.7,-38.0,-4.9,277.0,25.3,438.0,34.9,12
XYO,-0.0,-0.0,-120.0,-13.4,-160.0,-18.6,-419.0,-69.9,-540.0,-113.0,-316.0,-45.0,-43
HTMLCOIN,-0.0,-0.0,-111.0,-12.3,-48.0,-5.0,-68.0,-7.2,-272.0,-36.8,-598.0,-144.4,-34
StableXSwap,-0.0,-0.0,303.0,23.2,349.0,25.9,823.0,45.1,0,0,0,0,15
Auctus,-0.0,-0.0,-158.0,-20.2,-110.0,-13.3,-7.0,-0.8,-277.0,-41.8,449.0,32.3,-7
TrueFeedBack,-0.0,-0.0,-15.0,-1.5,25.0,2.4,135.0,11.9,399.0,28.6,2.0,0.2,6
GridCoin,-0.0,-0.0,-76.0,-9.3,-101.0,-12.8,-126.0,-16.5,-88.0,-11.0,-32.0,-3.7,-8
Atlas Protocol,-0.0,-0.0,-42.0,-4.6,-101.0,-11.9,-133.0,-16.2,-362.0,-61.3,-649.0,-213.5,-51
ALQO,-0.0,-0.0,-178.0,-20.0,-112.0,-11.7,-186.0,-21.1,-424.0,-66.0,-186.0,-21.1,-23
Emercoin,-0.0,-0.0,239.0,21.4,314.0,26.3,50.0,5.4,-126.0,-16.7,-361.0,-69.6,-5
Mirrored Twitter,-0.0,-0.0,-4.0,-0.4,-8.0,-0.8,0,0,0,0,0,0,0
Veros,-0.0,-0.0,698.0,46.1,723.0,47.0,1023.0,55.7,778.0,48.8,525.0,39.2,39
Mirrored Netflix,-0.0,-0.0,53.0,5.5,62.0,6.3,0,0,0,0,0,0,1
BUX Token,-0.0,-0.0,-165.0,-20.1,-167.0,-20.4,91.0,8.5,118.0,10.7,-305.0,-44.9,-11
DOC.COM,-0.0,-0.0,-147.0,-16.2,-46.0,-4.6,-158.0,-17.7,-339.0,-47.5,-598.0,-131.7,-36
Base Protocol,-0.0,-0.0,-601.0,-130.7,-586.0,-123.4,0,0,0,0,0,0,-42
PIBBLE,-0.0,-0.0,-86.0,-10.1,-123.0,-15.1,-53.0,-6.0,32.0,3.3,19.0,2.0,-4
PressOne,-0.0,-0.0,-240.0,-27.3,-281.0,-33.6,-440.0,-64.9,-614.0,-121.8,-785.0,-235.7,-80
Coineal Token,-0.0,-0.0,-53.0,-5.6,-47.0,-4.9,-56.0,-5.9,18.0,1.8,-55.0,-5.8,-3
Modern Investment Coin,-0.0,-0.0,0,0,0,0,0,0,0,0,0,0,0
Tripio,-0.0,-0.0,-105.0,-11.7,-80.0,-8.7,-122.0,-13.9,-285.0,-39.9,-612.0,-157.7,-38
Origo,-0.0,-0.0,-90.0,-9.8,-126.0,-14.3,-333.0,-49.3,-458.0,-83.3,-521.0,-107.0,-43
OKCash,-0.0,-0.0,-82.0,-8.5,-133.0,-14.6,-13.0,-1.3,-270.0,-34.9,-366.0,-54.1,-18
HyperDAO,-0.0,-0.0,-104.0,-11.8,-139.0,-16.5,-229.0,-30.4,-499.0,-103.1,0,0,-26
UGAS,-0.0,-0.0,134.0,12.0,49.0,4.7,-70.0,-7.6,-326.0,-49.4,-431.0,-77.7,-19
Airbloc,-0.0,-0.0,-225.0,-29.1,-212.0,-26.9,-218.0,-27.9,-105.0,-11.7,-223.0,-28.7,-20
Denarius,-0.0,-0.0,22.0,2.0,45.0,4.0,25.0,2.2,-166.0,-17.9,-89.0,-8.9,-3
EXMO Coin,-0.0,-0.0,-60.0,-6.3,-93.0,-10.1,-204.0,-25.1,-165.0,-19.4,-521.0,-105.0,-27
AGA Token,-0.0,-0.0,767.0,58.8,821.0,60.4,789.0,59.5,0,0,0,0,29
Bismuth,-0.0,-0.0,-145.0,-16.1,-138.0,-15.2,-80.0,-8.3,-56.0,-5.7,-190.0,-22.2,-11
Hyprr (Howdoo),-0.0,-0.0,92.0,8.8,142.0,12.9,-2.0,-0.2,-430.0,-81.9,111.0,10.4,-8
Traceability Chain,-0.0,-0.0,126.0,11.6,164.0,14.6,290.0,23.3,165.0,14.7,-185.0,-24.0,6
AirWire,-0.0,-0.0,-30.0,-3.0,-5.0,-0.5,42.0,3.9,737.0,41.5,416.0,28.6,11
Wings,-0.0,-0.0,-104.0,-11.7,-135.0,-15.7,-435.0,-77.7,-622.0,-166.8,-248.0,-33.2,-50
Anyswap,-0.0,-0.0,17.0,1.6,-107.0,-11.7,-314.0,-44.2,0,0,0,0,-9
Polyient Games Governance Token,-0.0,-0.0,0,0,0,0,0,0,0,0,0,0,0
Nyzo,-0.0,-0.0,64.0,5.7,8.0,0.7,-68.0,-6.9,-304.0,-40.3,0,0,-6
UnlimitedIP,-0.0,-0.0,-56.0,-5.9,-82.0,-8.8,-237.0,-30.7,-399.0,-65.4,-664.0,-192.5,-50
BlackCoin,-0.0,-0.0,-86.0,-9.1,-97.0,-10.4,-176.0,-20.6,-245.0,-31.1,-431.0,-71.7,-23
Stealth,-0.0,-0.0,-209.0,-24.5,-167.0,-18.7,-120.0,-12.7,-219.0,-26.0,-389.0,-57.8,-23
BitTube,-0.0,-0.0,-20.0,-1.9,-97.0,-10.0,-23.0,-2.2,-363.0,-51.4,-422.0,-65.2,-21
INT,-0.0,-0.0,-86.0,-9.1,-50.0,-5.1,-345.0,-50.7,-422.0,-69.9,-653.0,-175.1,-51
Matrix AI Network,-0.0,-0.0,279.0,26.9,324.0,29.9,102.0,11.8,13.0,1.7,-343.0,-82.5,-2
Remme,-0.0,-0.0,26.0,2.7,54.0,5.4,33.0,3.4,43.0,4.4,-408.0,-76.5,-10
Validity,-0.0,-0.0,-146.0,-17.3,-108.0,-12.3,-39.0,-4.1,-140.0,-16.5,-303.0,-44.2,-15
Team Heretics Fan Token,-0.0,-0.0,-289.0,-37.2,-203.0,-23.5,0,0,0,0,0,0,-10
Mooncoin,-0.0,-0.0,-437.0,-81.4,101.0,9.4,-14.0,-1.5,-480.0,-97.2,-603.0,-162.5,-55
SAFE DEAL,-0.0,-0.0,0,0,0,0,0,0,0,0,0,0,0
Jarvis Network,-0.0,-0.0,97.0,9.1,136.0,12.3,21.0,2.1,-263.0,-37.4,0,0,-2
Egretia,-0.0,-0.0,-12.0,-1.2,-46.0,-4.9,-234.0,-31.4,-461.0,-88.8,-604.0,-160.6,-47
Sense,-0.0,-0.0,-72.0,-7.9,-84.0,-9.3,-251.0,-34.2,-313.0,-46.6,-246.0,-33.3,-21
Hydro Protocol,-0.0,-0.0,122.0,12.5,74.0,8.0,-87.0,-11.3,-187.0,-28.0,-105.0,-14.0,-5
Kingdom Game 4.0,-0.0,-0.0,-28.0,-2.8,-70.0,-7.3,289.0,22.0,0,0,0,0,1
Kira Network,-0.0,-0.0,0,0,0,0,0,0,0,0,0,0,0
Blockchain Certified Data Token,-0.0,-0.0,-33.0,-3.2,-45.0,-4.4,-107.0,-11.2,-155.0,-17.1,-242.0,-29.6,-10
Multi Channel Influencer Creater Cloud Funding Platform,-0.0,-0.0,20.0,2.1,-53.0,-6.1,-374.0,-67.9,0,0,0,0,-11
Parachute,-0.0,-0.0,76.0,7.3,142.0,12.8,-44.0,-4.8,234.0,19.5,400.0,29.2,10
Growth DeFi,-0.0,-0.0,46.0,5.0,16.0,1.8,-78.0,-9.8,0,0,0,0,0
Netbox Coin,-0.0,-0.0,-78.0,-7.7,-57.0,-5.5,23.0,2.1,-124.0,-12.8,-261.0,-31.5,-9
EOSDT,-0.0,-0.0,-102.0,-10.9,-109.0,-11.8,-174.0,-20.2,-256.0,-32.9,-140.0,-15.7,-15
Enigma,-0.0,-0.0,-613.0,-127.2,-632.0,-136.5,-694.0,-173.1,-788.0,-256.7,-941.0,-611.0,-217
BIDR,-0.0,-0.0,61.0,5.5,107.0,9.3,-45.0,-4.5,0,0,0,0,1
Mirrored ProShares VIX,-0.0,-0.0,-28.0,-2.8,-55.0,-5.7,0,0,0,0,0,0,-1
CoinPoker,-0.0,-0.0,-65.0,-6.4,-99.0,-10.1,32.0,2.9,-59.0,-5.8,-471.0,-77.6,-16
Minereum,-0.0,-0.0,-77.0,-8.2,418.0,29.1,-129.0,-14.5,-49.0,-5.0,382.0,27.2,4
Rotharium,-0.0,-0.0,-76.0,-7.3,-51.0,-4.8,-255.0,-29.6,-286.0,-34.4,-577.0,-106.9,-30
Genaro Network,-0.0,-0.0,-6.0,-0.6,-56.0,-6.0,-299.0,-42.9,-255.0,-34.4,-250.0,-33.5,-19
CACHE Gold,-0.0,-0.0,-110.0,-11.8,-122.0,-13.2,-190.0,-22.2,221.0,17.5,0,0,-4
DEJAVE,-0.0,-0.0,-167.0,-20.2,-154.0,-18.4,0,0,0,0,0,0,-6
Wownero,-0.0,-0.0,103.0,8.7,142.0,11.6,36.0,3.2,9.0,0.8,0,0,4
IntelliShare,-0.0,-0.0,-139.0,-15.3,-119.0,-12.8,132.0,11.2,-158.0,-17.8,-395.0,-60.5,-15
Blockmason Credit Protocol,-0.0,-0.0,-45.0,-4.5,-72.0,-7.4,-111.0,-11.9,-263.0,-33.8,-431.0,-70.5,-21
SpankChain,-0.0,-0.0,-96.0,-10.1,-112.0,-11.9,-218.0,-26.2,-25.0,-2.4,-151.0,-16.8,-11
Couchain,-0.0,-0.0,-2.0,-0.2,48.0,4.3,1012.0,48.6,927.0,46.4,747.0,41.1,23
DeepBrain Chain,-0.0,-0.0,-112.0,-10.9,-74.0,-6.9,-215.0,-23.1,-439.0,-62.3,-612.0,-115.0,-36
Zel,-0.0,-0.0,-107.0,-11.1,-123.0,-13.0,-261.0,-32.2,-450.0,-72.3,-581.0,-118.3,-41
Caspian,-0.0,-0.0,-71.0,-7.0,-86.0,-8.6,-95.0,-9.6,-207.0,-23.5,-531.0,-95.5,-24
X-CASH,-0.0,-0.0,-48.0,-4.8,-25.0,-2.4,-2.0,-0.2,-258.0,-32.7,-237.0,-29.3,-11
Goldcoin,-0.0,-0.0,143.0,12.3,398.0,28.0,536.0,34.4,406.0,28.5,112.0,9.9,18
U Network,-0.0,-0.0,-57.0,-5.7,-92.0,-9.6,-249.0,-31.0,-442.0,-72.6,-479.0,-83.7,-33
NextDAO,-0.0,-0.0,-8.0,-0.8,-73.0,-7.9,-165.0,-20.0,0,0,0,0,-4
Nuco.cloud,-0.0,-0.0,-103.0,-10.8,-85.0,-8.8,-534.0,-102.7,0,0,0,0,-20
Lympo,-0.0,-0.0,-117.0,-12.4,-81.0,-8.3,-78.0,-8.0,-225.0,-27.0,-426.0,-67.4,-20
Bitex Global XBX Coin,-0.0,-0.0,-142.0,-12.1,-199.0,-17.8,-170.0,-14.8,-391.0,-42.3,-39.0,-3.1,-15
NoLimitCoin,-0.0,-0.0,-110.0,-11.0,-122.0,-12.4,-134.0,-13.8,-45.0,-4.2,-11.0,-1.0,-7
Budbo,-0.0,-0.0,211.0,20.8,229.0,22.2,145.0,15.3,258.0,24.4,0,0,13
OneLedger,-0.0,-0.0,-1.0,-0.1,3.0,0.3,-210.0,-22.7,-305.0,-36.8,-509.0,-81.4,-23
EZOOW,-0.0,-0.0,12.0,1.1,35.0,3.1,133.0,10.9,769.0,41.5,653.0,37.6,15
Databroker,-0.0,-0.0,-174.0,-16.5,-180.0,-17.2,-382.0,-45.1,-291.0,-31.0,-447.0,-57.2,-27
HOMIHELP,-0.0,-0.0,-219.0,-25.4,-200.0,-22.7,49.0,4.3,-172.0,-18.9,0,0,-10
FinNexus,-0.0,-0.0,38.0,3.8,27.0,2.7,-13.0,-1.4,0,0,0,0,0
EDC Blockchain,-0.0,-0.0,-99.0,-9.9,-252.0,-29.8,0,0,0,0,0,0,-6
Gene Source Code Chain,-0.0,-0.0,-45.0,-4.2,-9.0,-0.8,51.0,4.4,-102.0,-10.1,-290.0,-35.5,-7
Merculet,-0.0,-0.0,90.0,7.7,-25.0,-2.4,-257.0,-31.4,-33.0,-3.2,21.0,1.9,-4
Crown,-0.0,-0.0,-82.0,-8.3,-43.0,-4.2,-85.0,-8.6,-156.0,-17.1,-261.0,-32.3,-11
SynchroBitcoin,-0.0,-0.0,-109.0,-10.1,143.0,10.8,-755.0,-176.0,-709.0,-149.3,0,0,-54
CryptoFranc,-0.0,-0.0,-348.0,-48.0,-361.0,-50.7,-414.0,-62.8,-457.0,-74.2,-780.0,-266.2,-83
Xaya,-0.0,-0.0,-68.0,-6.5,-49.0,-4.6,-204.0,-22.4,-211.0,-23.4,0,0,-9
NuShares,-0.0,-0.0,18.0,1.3,-346.0,-34.7,-361.0,-36.8,-346.0,-34.7,-500.0,-59.3,-27
NaPoleonX,-0.0,-0.0,143.0,12.2,-230.0,-28.7,-458.0,-79.9,-125.0,-13.8,-530.0,-105.8,-36
Spiking,-0.0,-0.0,52.0,5.2,77.0,7.5,547.0,36.5,-245.0,-34.7,28.0,2.9,2
Bitcoin Rhodium,-0.0,-0.0,-21.0,-2.3,-16.0,-1.8,-285.0,-45.2,-284.0,-45.0,-389.0,-74.0,-28
Vipstar Coin,-0.0,-0.0,-177.0,-19.0,-166.0,-17.6,-54.0,-5.1,-236.0,-27.0,-663.0,-148.0,-36
OWNDATA,-0.0,-0.0,115.0,8.2,149.0,10.4,-0.0,-0.0,51.0,3.8,-158.0,-14.0,1
Mallcoin,-0.0,-0.0,95.0,8.4,135.0,11.5,162.0,13.5,156.0,13.0,-40.0,-4.0,7
PLANET,-0.0,-0.0,-57.0,-5.5,83.0,7.1,-367.0,-50.8,-167.0,-18.1,-554.0,-103.4,-28
Peculium,-0.0,-0.0,-213.0,-28.0,-215.0,-28.4,-427.0,-78.2,-399.0,-69.5,-422.0,-76.6,-46
Compendia,-0.0,-0.0,-0.0,-0.0,28.0,2.5,-229.0,-26.0,-371.0,-50.2,-143.0,-14.8,-14
Inex Project,-0.0,-0.0,-30.0,-2.3,577.0,30.4,-7.0,-0.5,0,0,0,0,4
VeriSafe,-0.0,-0.0,8.0,0.7,24.0,2.1,97.0,8.1,387.0,26.0,176.0,13.8,8
Rapidz,-0.0,-0.0,49.0,5.5,72.0,7.9,-10.0,-1.2,296.0,26.2,668.0,44.4,13
EXRNchain,-0.0,-0.0,229.0,17.7,68.0,6.0,-21.0,-2.0,-52.0,-5.1,-219.0,-25.9,-1
EveryCoin ,-0.0,-0.0,90.0,7.8,-31.0,-3.0,-498.0,-87.5,-710.0,-198.9,-416.0,-63.9,-57
Restart Energy MWAT,-0.0,-0.0,43.0,3.9,41.0,3.8,106.0,9.2,-95.0,-10.0,-510.0,-95.0,-14
Waves Community Token,-0.0,-0.0,1.0,0.1,-216.0,-24.1,-46.0,-4.3,128.0,10.3,-138.0,-14.2,-5
NewYorkCoin,-0.0,-0.0,109.0,10.4,142.0,13.1,62.0,6.2,24.0,2.5,-108.0,-12.9,3
WeShow Token,-0.0,-0.0,218.0,21.2,142.0,14.9,-96.0,-13.5,-424.0,-110.4,220.0,21.4,-11
Holyheld,-0.0,-0.0,-10.0,-0.9,10.0,0.9,534.0,33.0,0,0,0,0,5
LINA,-0.0,-0.0,-280.0,-29.9,-103.0,-9.2,-424.0,-53.4,-671.0,-122.7,-826.0,-210.7,-70
Raven Protocol,-0.0,-0.0,-119.0,-11.9,-114.0,-11.3,-305.0,-37.4,-328.0,-41.4,-12.0,-1.1,-17
Adshares,-0.0,-0.0,-39.0,-3.7,-18.0,-1.7,-31.0,-2.9,-292.0,-36.0,-337.0,-44.0,-14
VINchain,-0.0,-0.0,93.0,9.0,65.0,6.5,24.0,2.5,-209.0,-28.7,-228.0,-32.2,-7
Skrumble Network,-0.0,-0.0,-15.0,-1.4,-65.0,-6.4,-210.0,-24.0,-240.0,-28.4,-427.0,-65.0,-20
Halo Platform,-0.0,-0.0,99.0,8.6,150.0,12.4,197.0,15.7,-40.0,-3.9,-266.0,-33.6,0
AICHAIN,-0.0,-0.0,-2.0,-0.2,30.0,2.6,134.0,10.7,64.0,5.4,-73.0,-6.9,1
Pundi X NEM,-0.0,-0.0,-91.0,-8.7,18.0,1.6,-167.0,-17.1,-232.0,-25.5,-489.0,-74.8,-20
NativeCoin,-0.0,-0.0,26.0,2.3,-46.0,-4.3,163.0,12.6,-254.0,-29.1,-587.0,-108.5,-21
Cajutel,-0.0,-0.0,-66.0,-5.7,-40.0,-3.4,20.0,1.6,-391.0,-47.3,-674.0,-124.1,-29
DeFinition,-0.0,-0.0,-6.0,-0.6,44.0,3.9,-47.0,-4.6,0,0,0,0,0
Offshift,-0.0,-0.0,130.0,12.6,133.0,12.9,241.0,21.1,0,0,0,0,7
VeriCoin,-0.0,-0.0,20.0,1.8,69.0,5.8,-57.0,-5.4,-118.0,-11.8,-400.0,-55.4,-10
FLO,-0.0,-0.0,-141.0,-14.5,-152.0,-15.8,-419.0,-60.2,-462.0,-70.8,-670.0,-150.6,-51
HitChain,-0.0,-0.0,-16.0,-1.5,-62.0,-5.9,-235.0,-27.0,-462.0,-71.9,0,0,-17
Autonio,-0.0,-0.0,-186.0,-19.1,-141.0,-13.8,-196.0,-20.3,494.0,29.8,161.0,12.2,-1
1World,-0.0,-0.0,-170.0,-17.1,-188.0,-19.3,-224.0,-23.9,-292.0,-33.5,-816.0,-235.2,-54
Cube,-0.0,-0.0,-43.0,-4.1,-109.0,-11.2,-181.0,-20.1,-225.0,-26.2,-408.0,-60.4,-20
8X8 PROTOCOL,-0.0,-0.0,22.0,1.9,11.0,1.0,-488.0,-77.3,-824.0,-279.3,0,0,-58
Omni,-0.0,-0.0,-17.0,-1.6,-72.0,-6.9,-196.0,-21.5,-33.0,-3.1,-131.0,-13.4,-7
GMB,-0.0,-0.0,-83.0,-8.2,-101.0,-10.1,-407.0,-58.7,347.0,24.0,-496.0,-82.1,-22
Epic Cash,-0.0,-0.0,-282.0,-32.3,-328.0,-39.7,-64.0,-5.9,-196.0,-20.5,0,0,-16
Hubii Network,-0.0,-0.0,-325.0,-46.3,-276.0,-36.8,-347.0,-51.0,-359.0,-53.7,-409.0,-66.2,-42
ZClassic,-0.0,-0.0,-165.0,-15.6,-197.0,-19.2,-114.0,-10.3,-292.0,-31.4,-539.0,-79.0,-25
Safex Cash,-0.0,-0.0,-196.0,-19.8,-217.0,-22.3,126.0,9.6,95.0,7.4,31.0,2.5,-3
Folder Protocol,-0.0,-0.0,-408.0,-40.6,-418.0,-42.0,0,0,0,0,0,0,-13
Sylo,-0.0,-0.0,-94.0,-9.2,-119.0,-12.0,0,0,0,0,0,0,-3
ZrCoin,-0.0,-0.0,-28.0,-2.5,-89.0,-8.5,-381.0,-50.5,-467.0,-69.8,-750.0,-194.3,-54
ZUM TOKEN,-0.0,-0.0,-160.0,-16.4,464.0,29.0,413.0,26.6,585.0,34.0,509.0,30.9,17
Ulord,-0.0,-0.0,71.0,6.2,80.0,6.9,-57.0,-5.6,324.0,23.1,-174.0,-19.3,1
MintCoin,-0.0,-0.0,-544.0,-67.6,-528.0,-64.3,-520.0,-62.7,-545.0,-67.8,-889.0,-193.3,-75
Cred,-0.0,-0.0,-17.0,-1.7,-93.0,-9.8,-592.0,-132.4,-630.0,-154.0,-774.0,-292.1,-98
ChronoCoin,-0.0,-0.0,22.0,2.1,7.0,0.7,-281.0,-38.8,-450.0,-80.9,0,0,-19
Global Social Chain,-0.0,-0.0,-62.0,-5.8,-73.0,-6.9,-227.0,-25.1,-413.0,-57.4,-427.0,-60.6,-25
EasyFi,-0.0,-0.0,-64.0,-6.5,-102.0,-10.7,6.0,0.6,0,0,0,0,-2
Isiklar Coin,-0.0,-0.0,-36.0,-3.3,-72.0,-6.9,-40.0,-3.7,-222.0,-24.6,0,0,-6
MenaPay,-0.0,-0.0,-65.0,-5.5,-85.0,-7.3,-230.0,-22.7,-282.0,-29.4,-479.0,-62.8,-21
Boolberry,-0.0,-0.0,-13.0,-1.1,7.0,0.6,33.0,2.8,-197.0,-20.6,-484.0,-72.3,-15
Primecoin,-0.0,-0.0,-153.0,-14.5,-98.0,-8.8,-30.0,-2.5,-337.0,-38.7,-424.0,-54.2,-19
BLink,-0.0,-0.0,0,0,0,0,0,0,0,0,0,0,0
Naka Bodhi Token,-0.0,-0.0,-79.0,-7.7,-76.0,-7.4,-68.0,-6.6,-291.0,-35.8,-189.0,-20.7,-13
WPP TOKEN,-0.0,-0.0,-244.0,-26.5,-311.0,-36.4,-131.0,-12.7,-277.0,-31.2,446.0,27.7,-13
Dimecoin,-0.0,-0.0,-5.0,-0.4,154.0,11.7,-215.0,-22.8,-87.0,-8.1,-241.0,-26.3,-7
OceanEx Token,-0.0,-0.0,-107.0,-10.3,-73.0,-6.8,-188.0,-19.6,-480.0,-72.1,0,0,-18
ODUWA,-0.0,-0.0,64.0,5.2,40.0,3.3,-226.0,-24.1,66.0,5.4,25.0,2.1,-1
DDKoin,-0.0,-0.0,-87.0,-8.1,-150.0,-14.9,-419.0,-56.6,-689.0,-146.6,-792.0,-215.8,-73
Connectome,-0.0,-0.0,-163.0,-16.0,-182.0,-18.2,-175.0,-17.4,0,0,0,0,-8
LINKA,-0.0,-0.0,-54.0,-5.0,-133.0,-13.3,-280.0,-32.9,-388.0,-52.2,-723.0,-177.2,-46
Krios,-0.0,-0.0,-453.0,-75.2,-323.0,-44.1,-372.0,-54.5,-93.0,-9.7,-421.0,-66.4,-41
Cornichon,-0.0,-0.0,126.0,9.6,-73.0,-6.6,0,0,0,0,0,0,0
Acute Angle Cloud,-0.0,-0.0,-40.0,-3.8,-118.0,-12.0,-292.0,-36.2,-568.0,-107.0,67.0,5.7,-25
Vexanium,-0.0,-0.0,-42.0,-3.9,-63.0,-6.0,-223.0,-24.9,-394.0,-54.3,-428.0,-61.8,-25
Ethereum Meta,-0.0,-0.0,-175.0,-16.8,-230.0,-23.3,-439.0,-56.3,-772.0,-172.7,48.0,3.8,-44
Quark,-0.0,-0.0,-0.0,-0.0,-171.0,-20.3,-511.0,-101.6,-516.0,-103.6,-304.0,-42.8,-44
Experty,-0.0,-0.0,120.0,9.8,127.0,10.3,127.0,10.3,-25.0,-2.3,-34.0,-3.2,4
WinStars.live,-0.0,-0.0,-5.0,-0.4,38.0,3.2,133.0,10.2,77.0,6.2,-155.0,-15.3,0
BitBall,-0.0,-0.0,-141.0,-13.8,-142.0,-13.9,-56.0,-5.0,145.0,11.1,154.0,11.7,-1
BarterTrade,-0.0,-0.0,31.0,2.9,3.0,0.3,-14.0,-1.4,0,0,0,0,0
Ormeus Cash,-0.0,-0.0,-128.0,-14.5,-141.0,-16.2,5.0,0.5,0,0,0,0,-5
BitNewChain,-0.0,-0.0,-357.0,-30.6,-316.0,-26.1,-684.0,-81.3,-557.0,-57.5,-836.0,-121.3,-52
Auroracoin,-0.0,-0.0,-81.0,-7.5,-61.0,-5.6,57.0,4.7,50.0,4.1,-96.0,-9.1,-2
XTRABYTES,-0.0,-0.0,-123.0,-12.2,-303.0,-36.5,-340.0,-42.9,-496.0,-77.9,-556.0,-96.4,-44
Perth Mint Gold Token,-0.0,-0.0,31.0,2.6,34.0,2.9,-6.0,-0.5,0,0,0,0,0
HiCoin,-0.0,-0.0,-0.0,-0.0,40.0,3.3,133.0,10.2,111.0,8.6,-241.0,-25.8,0
Eureka Coin,-0.0,-0.0,-141.0,-13.6,-160.0,-15.7,-309.0,-35.6,97.0,7.6,-103.0,-9.6,-11
SINOVATE,-0.0,-0.0,-108.0,-10.0,-140.0,-13.3,-36.0,-3.1,-273.0,-29.7,-371.0,-45.2,-16
EDUCare,-0.0,-0.0,24.0,2.1,-63.0,-5.9,-311.0,-38.2,-530.0,-88.9,-924.0,-457.4,-98
Odyssey,-0.0,-0.0,-49.0,-4.4,-104.0,-9.9,-168.0,-17.1,-393.0,-51.8,-559.0,-94.3,-29
Vid,-0.0,-0.0,1.0,0.1,7.0,0.6,-191.0,-19.4,-876.0,-290.1,0,0,-51
PirateCash,-0.0,-0.0,-10.0,-0.9,1.0,0.1,0,0,0,0,0,0,0
MoonSwap,-0.0,-0.0,-39.0,-3.5,-50.0,-4.5,31.0,2.6,0,0,0,0,0
SmartCredit Token,-0.0,-0.0,0,0,0,0,0,0,0,0,0,0,0
Xfinance,-0.0,-0.0,106.0,8.8,117.0,9.6,-194.0,-21.5,0,0,0,0,0
xBTC,-0.0,-0.0,0,0,0,0,0,0,0,0,0,0,0
Kuai Token,-0.0,-0.0,-99.0,-9.3,-110.0,-10.4,-137.0,-13.3,-229.0,-24.5,-391.0,-50.6,-18
Pawtocol,-0.0,-0.0,-114.0,-10.1,-130.0,-11.7,0,0,0,0,0,0,-3
Pascal,-0.0,-0.0,-65.0,-5.8,-39.0,-3.4,79.0,6.2,-333.0,-38.9,-361.0,-43.5,-14
Education Ecosystem,-0.0,-0.0,-229.0,-23.6,-93.0,-8.4,-213.0,-21.6,-197.0,-19.7,-306.0,-34.3,-17
Titan Coin,-0.0,-0.0,12.0,1.0,-82.0,-7.2,-210.0,-20.7,-794.0,-185.1,-207.0,-20.4,-38
Infinity Esaham,-0.0,-0.0,33.0,4.0,520.0,39.9,535.0,40.6,0,0,0,0,14
IG Gold,-0.0,-0.0,-27.0,-2.5,-49.0,-4.6,-219.0,-24.2,-105.0,-10.3,-288.0,-34.4,-12
THEKEY,-0.0,-0.0,-138.0,-12.8,-151.0,-14.1,-301.0,-32.8,-437.0,-55.8,-691.0,-130.6,-41
LHT,-0.0,-0.0,-2.0,-0.2,235.0,19.6,649.0,40.2,92.0,8.7,-308.0,-47.0,3
Hydro,-0.0,-0.0,-148.0,-14.2,-173.0,-17.0,-333.0,-38.8,-431.0,-56.7,-828.0,-228.1,-59
indaHash,-0.0,-0.0,429.0,33.7,589.0,41.1,517.0,38.0,28.0,3.2,-111.0,-15.1,16
EOS Force,-0.0,-0.0,-23.0,-2.1,-71.0,-6.8,-128.0,-13.0,-335.0,-42.9,-483.0,-76.3,-23
QunQun,-0.0,-0.0,-21.0,-1.9,-91.0,-8.6,-191.0,-20.0,-413.0,-56.3,-601.0,-110.1,-32
Hyperion,-0.0,-0.0,-663.0,-190.5,-827.0,-449.5,-767.0,-314.3,-958.0,-1807.5,-815.0,-415.8,-529
Amoveo,-0.0,-0.0,30.0,2.5,-126.0,-11.9,-296.0,-33.3,-273.0,-29.9,-663.0,-126.8,-33
QuadrantProtocol,-0.0,-0.0,88.0,7.2,82.0,6.7,53.0,4.4,-152.0,-15.4,-98.0,-9.4,-1
BitCapitalVendor,-0.0,-0.0,-36.0,-3.3,-51.0,-4.7,-179.0,-18.6,-414.0,-56.9,-737.0,-182.4,-44
Club Atletico Independiente,-0.0,-0.0,-307.0,-35.3,3.0,0.3,0,0,0,0,0,0,-5
CargoX,-0.0,-0.0,-47.0,-4.1,-84.0,-7.6,-157.0,-15.3,-297.0,-33.4,-353.0,-42.4,-17
Rarible,-0.0,-0.0,8.0,0.7,-88.0,-8.8,-166.0,-17.9,0,0,0,0,-4
Curecoin,-0.0,-0.0,-178.0,-17.4,-189.0,-18.7,-242.0,-25.2,-252.0,-26.6,-305.0,-34.0,-20
Bancacy,-0.0,-0.0,112.0,9.0,138.0,10.9,201.0,15.1,139.0,11.0,25.0,2.2,8
AMLT,-0.0,-0.0,-98.0,-8.8,-162.0,-15.4,-206.0,-20.4,-351.0,-40.6,-514.0,-73.3,-26
Footballcoin,-0.0,-0.0,-55.0,-4.8,-15.0,-1.3,-140.0,-13.2,-208.0,-20.9,-350.0,-41.0,-13
Meridian Network,-0.0,-0.0,22.0,2.0,36.0,3.2,66.0,5.7,0,0,0,0,1
BakeryToken,-0.0,-0.0,0,0,0,0,0,0,0,0,0,0,0
Banano,-0.0,-0.0,-175.0,-16.0,-189.0,-17.5,-126.0,-11.0,-248.0,-24.3,0,0,-11
ContentBox,-0.0,-0.0,-5.0,-0.4,-80.0,-7.3,-263.0,-28.9,-422.0,-56.3,-581.0,-98.3,-31
Kambria,-0.0,-0.0,-143.0,-13.2,-188.0,-18.1,-500.0,-68.7,-470.0,-62.0,-381.0,-45.0,-34
Zen Protocol,-0.0,-0.0,139.0,10.0,215.0,14.7,-88.0,-7.6,5.0,0.4,-183.0,-17.1,0
Bean Cash,-0.0,-0.0,-3.0,-0.2,-182.0,-17.7,-189.0,-18.5,-293.0,-32.0,-382.0,-46.2,-19
CVCoin,-0.0,-0.0,-326.0,-37.4,-205.0,-20.7,80.0,6.3,55.0,4.4,-79.0,-7.1,-9
Apollon Limassol,-0.0,-0.0,-188.0,-19.2,-179.0,-18.1,0,0,0,0,0,0,-6
Megacoin,-0.0,-0.0,-5.0,-0.4,28.0,2.3,312.0,20.5,157.0,11.5,294.0,19.5,8
OpenDAO,-0.0,-0.0,469.0,35.1,429.0,33.1,0,0,0,0,0,0,11
Ravencoin Classic,-0.0,-0.0,-141.0,-13.2,-162.0,-15.5,-238.0,-24.5,-645.0,-114.6,0,0,-27
Sphere,-0.0,-0.0,-101.0,-8.7,-107.0,-9.3,-99.0,-8.5,-97.0,-8.3,-330.0,-35.5,-11
PhoenixDAO,-0.0,-0.0,186.0,13.5,135.0,10.1,-30.0,-2.6,0,0,0,0,3
EOS TRUST,-0.0,-0.0,-398.0,-32.7,-371.0,-29.8,-268.0,-19.9,286.0,15.0,149.0,8.4,-9
DAPS Coin,-0.0,-0.0,28.0,2.2,-82.0,-7.2,-375.0,-44.2,-660.0,-117.0,-629.0,-105.7,-45
DiFy.Finance,-0.0,-0.0,0,0,0,0,0,0,0,0,0,0,0
HashBX ,-0.0,-0.0,146.0,11.9,93.0,7.9,41.0,3.7,31.0,2.8,-175.0,-19.3,1
GlobalBoost-Y,-0.0,-0.0,5.0,0.4,68.0,5.4,-460.0,-62.6,41.0,3.3,151.0,11.2,-7
Manna,-0.0,-0.0,-69.0,-7.2,96.0,8.5,339.0,24.7,318.0,23.5,263.0,20.3,11
Plair,-0.0,-0.0,-285.0,-25.1,-247.0,-21.0,-369.0,-35.0,-660.0,-86.6,-581.0,-69.1,-39
NOW Token,-0.0,-0.0,5.0,0.4,10.0,0.9,-214.0,-23.4,-20.0,-1.8,253.0,18.3,0
CoTrader,-0.0,-0.0,-207.0,-22.0,-197.0,-20.7,-147.0,-14.7,-420.0,-57.6,-62.0,-5.7,-20
